trial_id,title,status,phase,start_date,start_date_type,first_posted,enrollment,conditions,intervention_names,sponsor,sponsor_class,countries,results_posted,is_carnk,is_nk92,is_nkt,is_cart,combo_with_cart,manual_note,included,start_year,first_posted_year
NCT00597896,Cognitive Enhancement in Bipolar Disorder,COMPLETED,PHASE4,2005-10,,2008-01-18,50,Bipolar Disorder,pramipexole,Northwell Health,OTHER,United States,True,False,False,False,False,False,,False,2005,2008
NCT00833898,Stress Management Intervention for Caregivers of Patients Undergoing Bone Marrow Transplant (BMT),COMPLETED,PHASE3,2008-11,,2009-02-02,298,Hematopoietic/Lymphoid Cancer,Paced respiration as part of PEPRR | PEPRR,"University of Colorado, Denver",OTHER,United States,True,False,False,False,False,False,,False,2008,2009
NCT01897896,Alternatives for Reducing Chorea in Huntington Disease,COMPLETED,PHASE3,2013-11-12,ACTUAL,2013-07-12,119,Chorea Associated With Huntington Disease,SD-809,"Auspex Pharmaceuticals, Inc.",INDUSTRY,Australia | Canada | United States,True,False,False,False,False,False,,False,2013,2013
NCT02134262,Gene Therapy for B-Cell Non-Hodgkin Lymphoma Using CD19 CAR Gene Transduced T Lymphocytes,UNKNOWN,PHASE1 | PHASE2,2014-05,,2014-05-09,18,Relapsed or Refractory B-Cell Non-Hodgkin Lymphoma,Cyclophosphamide or Bendamustine | Dose Level -1 | Dose Level 1 | Dose Level 2 | Dose Level 3,Jichi Medical University,OTHER,Japan,False,False,False,False,True,True,,False,2014,2014
NCT02274584,CAR T Cells Targeting CD30 Positive Lymphomas (4SCAR30273),UNKNOWN,PHASE1 | PHASE2,2014-03,,2014-10-24,20,Lymphomas,Anti-CD30 CAR T cells,Peking University,OTHER,China | United States,False,False,False,False,True,True,,False,2014,2014
NCT02439788,3RD GENERATION GD2 SPECIFIC CHIMERIC ANTIGEN RECEPTOR TRANSDUCED AUTOLOGOUS NATURAL KILLER T-CELLS FOR NEUROBLASTOMA,WITHDRAWN,PHASE1,2017-08,ESTIMATED,2015-05-12,0,Neuroblastoma,cyclophosphamide | Fludarabine | GINAKIT Cells,Baylor College of Medicine,OTHER,United States,False,True,False,True,False,False,,False,2017,2015
NCT02742727,CAR-pNK Cell Immunotherapy in CD7 Positive Leukemia and Lymphoma,UNKNOWN,PHASE1 | PHASE2,2016-03,,2016-04-19,10,"Acute Myeloid Leukemia | Precursor T-Cell Lymphoblastic Leukemia-Lymphoma | T-cell Prolymphocytic Leukemia | T-cell Large Granular Lymphocytic Leukemia | Peripheral T-cell Lymphoma, NOS | Angioimmunoblastic T-cell Lymphoma | Extranodal NK/T-cell Lymphoma, Nasal Type | Enteropathy-type Intestinal T-cell Lymphoma | Hepatosplenic T-cell Lymphoma",anti-CD7 CAR-pNK cells,"PersonGen BioTherapeutics (Suzhou) Co., Ltd.",INDUSTRY,China,False,True,True,False,False,False,,False,2016,2016
NCT02839954,CAR-pNK Cell Immunotherapy in MUC1 Positive Relapsed or Refractory Solid Tumor,UNKNOWN,PHASE1 | PHASE2,2016-07,,2016-07-21,10,Hepatocellular Carcinoma | Non-small Cell Lung Cancer | Pancreatic Carcinoma | Triple-Negative Invasive Breast Carcinoma | Malignant Glioma of Brain | Colorectal Carcinoma | Gastric Carcinoma,anti-MUC1 CAR-pNK cells,"PersonGen BioTherapeutics (Suzhou) Co., Ltd.",INDUSTRY,China,False,True,True,False,False,False,,False,2016,2016
NCT02892695,PCAR-119 Bridge Immunotherapy Prior to Stem Cell Transplant in Treating Patients With CD19 Positive Leukemia and Lymphoma,UNKNOWN,PHASE1 | PHASE2,2016-09,,2016-09-08,10,Acute Lymphocytic Leukemia | Chronic Lymphocytic Leukemia | Follicular Lymphoma | Mantle Cell Lymphoma | B-cell Prolymphocytic Leukemia | Diffuse Large Cell Lymphoma,anti-CD19 CAR-NK cells,"PersonGen BioTherapeutics (Suzhou) Co., Ltd.",INDUSTRY,China,False,True,True,False,False,False,,False,2016,2016
NCT02944162,CAR-pNK Cell Immunotherapy for Relapsed/Refractory CD33+ AML,UNKNOWN,PHASE1 | PHASE2,2016-10,,2016-10-25,10,Acute Myelogenous Leukemia | Acute Myeloid Leukemia | Acute Myeloid Leukemia With Maturation | Acute Myeloid Leukemia Without Maturation | ANLL,anti-CD33 CAR-NK cells,"PersonGen BioTherapeutics (Suzhou) Co., Ltd.",INDUSTRY,China,False,True,True,False,False,False,,False,2016,2016
NCT03049449,T Cells Expressing a Fully-Human Anti-CD30 Chimeric Antigen Receptor for Treating CD30-Expressing Lymphomas,COMPLETED,PHASE1,2017-03-17,ACTUAL,2017-02-10,26,"Lymphoma, Large-Cell, Anaplastic | Enteropathy-Associated T-Cell Lymphoma | Lymphoma, Large B-Cell, Diffuse | Lymphoma, Extranodal NK-T-Cell | Lymphoma, T-Cell, Peripheral",Anti-Tumor Necrosis Factor (TNF) Receptor Superfamily Member 8 (CD30) Chimeric Antigen Receptor (CAR) T cells | Cyclophosphamide | Fludarabine,National Cancer Institute (NCI),NIH,United States,True,False,False,False,True,True,,False,2017,2017
NCT03056339,Umbilical & Cord Blood (CB) Derived CAR-Engineered NK Cells for B Lymphoid Malignancies,COMPLETED,PHASE1 | PHASE2,2017-06-21,ACTUAL,2017-02-17,49,B-Lymphoid Malignancies | Acute Lymphocytic Leukemia | Chronic Lymphocytic Leukemia | Non-hodgkin Lymphoma,Fludarabine | Cyclophosphamide | Mesna | iC9/CAR.19/IL15-Transduced CB-NK Cells | AP1903,M.D. Anderson Cancer Center,OTHER,United States,True,True,False,False,False,False,,True,2017,2017
NCT03190278,Study Evaluating Safety and Efficacy of UCART123v1.2 in Patients With Relapsed/Refractory Acute Myeloid Leukemia,ACTIVE_NOT_RECRUITING,PHASE1,2017-06-19,ACTUAL,2017-06-16,29,Relapsed/Refractory Acute Myeloid Leukemia,UCART123v1.2,Cellectis S.A.,INDUSTRY,United States,False,False,False,False,False,False,,False,2017,2017
NCT03203369,Study to Evaluate the Safety and Clinical Activity of UCART123 in Patients With BPDCN,TERMINATED,PHASE1,2017-06-28,ACTUAL,2017-06-29,1,Blastic Plasmacytoid Dendritic Cell Neoplasm (BPDCN),UCART123,Cellectis S.A.,INDUSTRY,United States,False,False,False,False,False,False,,False,2017,2017
NCT03294954,GD2 Specific CAR and Interleukin-15 Expressing Autologous NKT Cells to Treat Children With Neuroblastoma,RECRUITING,PHASE1,2018-01-18,ACTUAL,2017-09-27,70,Neuroblastoma,GINAKIT Cells | GINAKIT cells + Etanercept,Baylor College of Medicine,OTHER,United States,False,True,False,True,False,False,,False,2018,2017
NCT03415100,Pilot Study of NKG2D-Ligand Targeted CAR-NK Cells in Patients With Metastatic Solid Tumours,UNKNOWN,PHASE1,2018-01-02,ACTUAL,2018-01-30,30,Solid Tumours,CAR-NK cells targeting NKG2D ligands,The Third Affiliated Hospital of Guangzhou Medical University,OTHER,China,False,True,False,False,False,False,,True,2018,2018
NCT03448250,Evaluating a Novel Web-based Intervention for Breast Cancer Survivors,TERMINATED,,2018-03-16,ACTUAL,2018-02-28,64,Breast Cancer,Optimune | Care-As-Usual,Technical University of Dortmund,OTHER,Germany,False,False,False,False,False,False,,False,2018,2018
NCT03579927,"CAR.CD19-CD28-zeta-2A-iCasp9-IL15-Transduced Cord Blood NK Cells, High-Dose Chemotherapy, and Stem Cell Transplant in Treating Participants With B-cell Lymphoma",WITHDRAWN,PHASE1 | PHASE2,2019-10-03,ACTUAL,2018-07-09,0,CD19 Positive | Mantle Cell Lymphoma | Recurrent Diffuse Large B-Cell Lymphoma | Recurrent Follicular Lymphoma | Refractory B-Cell Non-Hodgkin Lymphoma | Refractory Diffuse Large B-Cell Lymphoma | Refractory Follicular Lymphoma,Autologous Hematopoietic Stem Cell Transplantation | Carmustine | Cytarabine | Etoposide | Filgrastim | Melphalan | Rituximab | Umbilical Cord Blood-derived Natural Killer Cells,M.D. Anderson Cancer Center,OTHER,United States,False,True,False,False,False,False,,True,2019,2018
NCT03690310,Study of Anti-CD19 CAR NK Cells in Relapsed and Refractory B Cell Lymphoma,UNKNOWN,EARLY_PHASE1,2019-03,ESTIMATED,2018-10-01,9,Refractory B-Cell Lymphoma,Anti-CD19 CAR NK Cells,"Allife Medical Science and Technology Co., Ltd.",INDUSTRY,,False,True,False,False,False,False,,True,2019,2018
NCT03692637,Study of Anti-Mesothelin Car NK Cells in Epithelial Ovarian Cancer,UNKNOWN,EARLY_PHASE1,2019-03,ESTIMATED,2018-10-02,30,Epithelial Ovarian Cancer,anti-Mesothelin Car NK Cells,"Allife Medical Science and Technology Co., Ltd.",INDUSTRY,,False,True,False,False,False,False,,True,2019,2018
NCT03692663,Study of Anti-PSMA CAR NK Cell (TABP EIC) in Metastatic Castration-Resistant Prostate Cancer,UNKNOWN,EARLY_PHASE1,2018-12-01,ACTUAL,2018-10-02,9,Metastatic Castration-resistant Prostate Cancer,TABP EIC | Cyclophosphamide | fludarabine,"Allife Medical Science and Technology Co., Ltd.",INDUSTRY,China,False,True,False,False,False,False,,True,2018,2018
NCT03692767,Study of Anti-CD22 CAR NK Cells in Relapsed and Refractory B Cell Lymphoma,UNKNOWN,EARLY_PHASE1,2019-03,ESTIMATED,2018-10-02,9,Refractory B-Cell Lymphoma,Anti-CD22 CAR NK Cells,"Allife Medical Science and Technology Co., Ltd.",INDUSTRY,,False,True,False,False,False,False,,True,2019,2018
NCT03774654,CD19.CAR Allogeneic NKT for Patients With Relapsed or Refractory B-Cell Malignancies (ANCHOR),ACTIVE_NOT_RECRUITING,PHASE1,2020-04-14,ACTUAL,2018-12-13,13,Refractory B-Cell Non-Hodgkin Lymphoma | Refractory B-Cell Small Lymphocytic Lymphoma | Relapsed Adult ALL | Relapsed CLL | Relapsed Non Hodgkin Lymphoma,CD19.CAR-aNKT cells,Baylor College of Medicine,OTHER,United States,True,False,False,True,False,False,,False,2020,2018
NCT03824964,Study of Anti-CD19/CD22 CAR NK Cells in Relapsed and Refractory B Cell Lymphoma,UNKNOWN,EARLY_PHASE1,2019-02-01,ESTIMATED,2019-01-31,10,Refractory B-Cell Lymphoma,Anti-CD19/CD22 CAR NK Cells,"Allife Medical Science and Technology Co., Ltd.",INDUSTRY,,False,True,False,False,False,False,,True,2019,2019
NCT03882840,Induced-T Cell Like NK Cellular Immunotherapy for Cancer Lack of MHC-I,RECRUITING,PHASE1 | PHASE2,2019-01-01,ACTUAL,2019-03-20,60,Anti-cancer Cell Immunotherapy | T Cell and NK Cell,ITNK cell therapy,Second Affiliated Hospital of Guangzhou Medical University,OTHER,China,False,True,False,False,False,False,"ITNK: reprogrammed T cells, not NK",False,2019,2019
NCT03910842,Treatment of Children CD19+ Leukemia and Non-Hodgkin Lymphoma With CD19-TriCAR-T/SILK Cell Therapy,UNKNOWN,EARLY_PHASE1,2019-03-21,ACTUAL,2019-04-10,12,Non-Hodgkin Lymphoma of Intestine | Leukemia,CD19-TriCAR-T/SILK,Timmune Biotech Inc.,INDUSTRY,China,False,True,False,False,True,True,,False,2019,2019
NCT03931720,Clinical Research of ROBO1 Specific BiCAR-NK/T Cells on Patients With Malignant Tumor,UNKNOWN,PHASE1 | PHASE2,2019-05,ESTIMATED,2019-04-30,20,Malignant Tumor,BiCAR-NK/T cells (ROBO1 CAR-NK/T cells),"Asclepius Technology Company Group (Suzhou) Co., Ltd.",INDUSTRY,China,False,True,False,False,False,False,,True,2019,2019
NCT03940820,Clinical Research of ROBO1 Specific CAR-NK Cells on Patients With Solid Tumors,UNKNOWN,PHASE1 | PHASE2,2019-05,ESTIMATED,2019-05-07,20,Solid Tumor,ROBO1 CAR-NK cells,"Asclepius Technology Company Group (Suzhou) Co., Ltd.",INDUSTRY,China,False,True,False,False,False,False,,True,2019,2019
NCT03940833,Clinical Research of Adoptive BCMA CAR-NK Cells on Relapse/Refractory MM,UNKNOWN,PHASE1 | PHASE2,2019-05,ESTIMATED,2019-05-07,20,Multiple Myeloma,BCMA CAR-NK 92 cells,"Asclepius Technology Company Group (Suzhou) Co., Ltd.",INDUSTRY,China,False,True,True,False,False,False,,False,2019,2019
NCT03941457,Clinical Research of ROBO1 Specific BiCAR-NK Cells on Patients With Pancreatic Cancer,UNKNOWN,PHASE1 | PHASE2,2019-05,ESTIMATED,2019-05-08,9,Pancreatic Cancer,BiCAR-NK cells (ROBO1 CAR-NK cells),"Asclepius Technology Company Group (Suzhou) Co., Ltd.",INDUSTRY,China,False,True,False,False,False,False,,True,2019,2019
NCT04004637,"CD7 CAR-T Cells for Patients With R/R CD7+ NK/T Cell Lymphoma,T-lymphoblastic Lymphoma and Acute Lymphocytic Leukemia",UNKNOWN,PHASE1,2019-08-25,ACTUAL,2019-07-02,10,T-lymphoblastic Lymphoma | NK/T Cell Lymphoma | Acute Lymphocytic Leukemia,CD7 CAR-T cells infusion,"PersonGen BioTherapeutics (Suzhou) Co., Ltd.",INDUSTRY,China,False,True,False,False,False,True,,True,2019,2019
NCT04008394,Anti-CD30 CAR-T Therapy in Patients With Refractory/Relapsed Lymphocyte Malignancies,UNKNOWN,PHASE1,2019-07-03,ACTUAL,2019-07-05,50,Adult T-Cell Lymphoma/Leukaemia | Anaplastic Large Cell Lymphoma | Angioimmunoblastic T-cell Lymphoma | NK/T-cell Lymphoma | Peripheral T Cell Lymphoma | Hodgkin Lymphoma,Anti-CD30 CAR T cells,"Union Hospital, Tongji Medical College, Huazhong University of Science and Technology",OTHER,China,False,False,False,False,True,True,,False,2019,2019
NCT04033302,Multi-CAR T Cell Therapy Targeting CD7-positive Malignancies,NOT_YET_RECRUITING,PHASE1 | PHASE2,2026-12-31,ESTIMATED,2019-07-26,30,T-cell Acute Lymphoblastic Leukemia | T-cell Acute Lymphoblastic Lymphoma | Acute Myeloid Leukemia | NK Cell Lymphoma,CD7-specific CAR gene-engineered T cells,Shenzhen Geno-Immune Medical Institute,OTHER,China,False,False,False,False,True,True,,False,2026,2019
NCT04093596,Safety and Efficacy of ALLO-715 BCMA Allogenic CAR T Cells in in Adults With Relapsed or Refractory Multiple Myeloma (UNIVERSAL),COMPLETED,PHASE1,2019-09-23,ACTUAL,2019-09-18,73,Relapsed/Refractory Multiple Myeloma,ALLO-715 | ALLO-647 | Fludarabine | Cyclophosphamide | Nirogacestat,Allogene Therapeutics,INDUSTRY,United States,False,False,False,False,True,True,,False,2019,2019
NCT04107142,Haplo / Allogeneic NKG2DL-targeting Chimeric Antigen Receptor-grafted γδ T Cells for Relapsed or Refractory Solid Tumour,UNKNOWN,PHASE1,2019-12-01,ESTIMATED,2019-09-27,10,Colorectal Cancer | Triple Negative Breast Cancer | Sarcoma | Nasopharyngeal Carcinoma | Prostate Cancer | Gastric Cancer,Adoptive Cell Transfer of NKG2DL-targetting Chimeric Antigen Receptor-grafted Gamma Delta T cell,CytoMed Therapeutics Pte Ltd,INDUSTRY,Malaysia,False,True,False,False,False,False,CAR gamma-delta T cells,False,2019,2019
NCT04245722,FT596 as a Monotherapy and in Combination With Anti-CD20 Monoclonal Antibodies,TERMINATED,PHASE1,2020-03-19,ACTUAL,2020-01-29,98,"Lymphoma, B-Cell | Chronic Lymphocytic Leukemia",FT596 | Cyclophosphamide | Fludarabine | Rituximab | Obinutuzumab | Bendamustine,Fate Therapeutics,INDUSTRY,United States,False,False,False,False,False,False,"FT596, CD19 CAR iPSC-NK",True,2020,2020
NCT04264078,Anti-CD7 U-CAR-T Cell Therapy for T/NK Cell Hematologic Malignancies,UNKNOWN,EARLY_PHASE1,2021-03-01,ACTUAL,2020-02-11,30,T-cell Leukemia | T-cell Lymphoma,CD7 UCAR-T cells | Fludarabine | Cytoxan | Melphalan,Xinqiao Hospital of Chongqing,OTHER,China,False,True,False,False,False,True,,True,2021,2020
NCT04288726,Allogeneic CD30.CAR-EBVSTs in Patients With Relapsed or Refractory CD30-Positive Lymphomas,ACTIVE_NOT_RECRUITING,PHASE1,2020-09-16,ACTUAL,2020-02-28,27,"Extranodal Natural Killer/T-Cell Lymphoma, Nasal Type | Classical Hodgkin Lymphoma",CD30.CAR-EBVST cells,Baylor College of Medicine,OTHER,United States,False,False,False,False,False,False,,False,2020,2020
NCT04324996,A Phase I/II Study of Universal Off-the-shelf NKG2D-ACE2 CAR-NK Cells for Therapy of COVID-19,UNKNOWN,PHASE1 | PHASE2,2020-02-21,ACTUAL,2020-03-27,90,COVID-19,"NK cells,IL15-NK cells,NKG2D CAR-NK cells,ACE2 CAR-NK cells,NKG2D-ACE2 CAR-NK cells",Chongqing Public Health Medical Center,OTHER,China,False,True,False,False,False,False,,True,2020,2020
NCT04418856,The Effects of Light Therapy to Treat Cancer-related Side Effects,COMPLETED,,2020-06-08,ACTUAL,2020-06-05,260,Breast Cancer | Circadian Rhythms | Fatigue | Sleep Disturbance | Cognitive Impairment | Inflammatory Response | Depression,Light Glasses (Experimental) | Light Glasses (Comparison),Reykjavik University,OTHER,Iceland,False,False,False,False,False,False,,False,2020,2020
NCT04480788,CD7-CART in the Treatment of r / r CD7 Positive Hemolymph System Malignancies on Increasing Dose and Open Label Study,UNKNOWN,PHASE1,2020-11-24,ACTUAL,2020-07-21,9,"T Lymphoblastic Leukemia/Lymphoma | Extramedullary NK-T-cell Lymphoma, Nasal Type | Peripheral T-cell Lymphoma, Nonspecific | Angioimmunoblastic T-cell Lymphoma | Enteropathy-Associated T-Cell Lymphoma | Anaplastic Large Cell Lymphoma, ALK-negative | T-cell Lymphoblastic Leukemia",T cell injection targeting CD7 chimeric antigen receptor,"PersonGen BioTherapeutics (Suzhou) Co., Ltd.",INDUSTRY,China,False,False,False,False,True,True,,False,2020,2020
NCT04526834,Phase 1 Study of Autologous CD30.CAR-T in Relapsed or Refractory CD30 Positive Non-Hodgkin Lymphoma,ACTIVE_NOT_RECRUITING,PHASE1,2021-09-08,ACTUAL,2020-08-26,21,Anaplastic Large Cell Lymphoma | Peripheral T Cell Lymphoma | Extranodal NK/T-cell Lymphoma | Diffuse Large B Cell Lymphoma | Primary Mediastinal Large B-Cell Lymphoma (PMBCL),CD30.CAR-T,Tessa Therapeutics,INDUSTRY,United States,False,False,False,False,True,True,,False,2021,2020
NCT04538599,RD13-01 for Patients With r/r CD7+ T/NK Cell Hematologic Malignancies,COMPLETED,PHASE1,2020-09-10,ACTUAL,2020-09-04,12,Hematologic Malignancies,RD13-01 cell infusion,He Huang,OTHER,China,False,False,False,False,True,True,,False,2020,2020
NCT04555811,FT596 With Rituximab as Relapse Prevention After Autologous HSCT for NHL,COMPLETED,PHASE1,2020-09-22,ACTUAL,2020-09-21,7,NHL | Non Hodgkin Lymphoma | Diffuse Large B Cell Lymphoma | High-grade B-cell Lymphoma,FT596 | Rituximab,"Masonic Cancer Center, University of Minnesota",OTHER,United States,True,False,False,False,False,False,"FT596, CD19 CAR iPSC-NK",True,2020,2020
NCT04623944,"NKX101, Intravenous Allogeneic CAR NK Cells, in Adults With AML or MDS",ACTIVE_NOT_RECRUITING,PHASE1,2020-09-21,ACTUAL,2020-11-10,61,"Relapsed/Refractory AML | AML, Adult | MDS | Refractory Myelodysplastic Syndromes",NKX101 - CAR NK cell therapy,"Nkarta, Inc.",INDUSTRY,United States,False,True,False,False,False,False,,True,2020,2020
NCT04639739,Anti-CD19 CAR NK Cell Therapy for R/R Non-Hodgkin Lymphoma.,UNKNOWN,EARLY_PHASE1,2020-12-17,ESTIMATED,2020-11-20,9,NHL,anti-CD19 CAR NK,Xinqiao Hospital of Chongqing,OTHER,China,False,True,False,False,False,False,,True,2020,2020
NCT04655586,"Assessing Safety, Hospitalization and Efficacy of rNAPc2 in COVID-19",COMPLETED,PHASE2 | PHASE3,2020-12-10,ACTUAL,2020-12-07,160,Covid19,rNAPc2 | Heparin,"ARCA Biopharma, Inc.",INDUSTRY,Argentina | Brazil | United States,True,False,False,False,False,False,,False,2020,2020
NCT04657965,LMP1 CAR-T for Patients With LMP1 Positive Infectious Diseases and Hematological Malignancies,NOT_YET_RECRUITING,EARLY_PHASE1,2021-01-15,ESTIMATED,2020-12-08,144,Infectious Diseases | Hematological Malignancies,LMP1 CAR T-cells,Zhejiang University,OTHER,China,False,False,False,False,True,True,,False,2021,2020
NCT04747093,Induced-T Cell Like NK Cells for B Cell Malignancies,UNKNOWN,PHASE1 | PHASE2,2021-01-29,ACTUAL,2021-02-10,12,B Cell Leukemia | B Cell Lymphoma | B-cell Acute Lymphoblastic Leukemia | B-cell Lymphoma Recurrent | B-cell Lymphoma Refractory,CAR-ITNK cells,"Nanfang Hospital, Southern Medical University",OTHER,China,False,False,False,False,False,False,"CAR-ITNK: reprogrammed T cells, not NK",False,2021,2021
NCT04796675,Cord Blood Derived Anti-CD19 CAR-Engineered NK Cells for B Lymphoid Malignancies,UNKNOWN,PHASE1,2021-04-10,ESTIMATED,2021-03-15,27,Acute Lymphocytic Leukemia | Chronic Lymphocytic Leukemia | Non Hodgkin's Lymphoma,Fludarabine + Cyclophosphamide + CAR-NK-CD19 Cells,"Union Hospital, Tongji Medical College, Huazhong University of Science and Technology",OTHER,China,False,True,False,False,False,False,,True,2021,2021
NCT04796688,Universal Chimeric Antigen Receptor-modified AT19 Cells for CD19+ Relapsed/Refractory Hematological Malignancies,UNKNOWN,PHASE1,2021-03-10,ESTIMATED,2021-03-15,27,Acute Lymphoblastic Leukemia | Chronic Lymphoblastic Leukemia | B-cell Lymphoma,Fludarabine + Cyclophosphamide + CAR-NK-CD19 Cells,"Union Hospital, Tongji Medical College, Huazhong University of Science and Technology",OTHER,China,False,True,False,False,False,False,,True,2021,2021
NCT04847466,Immunotherapy Combination: Irradiated PD-L1 CAR-NK Cells Plus Pembrolizumab Plus N-803 for Subjects With Recurrent/Metastatic Gastric or Head and Neck Cancer,COMPLETED,PHASE2,2021-12-14,ACTUAL,2021-04-19,18,Gastroesophageal Junction (GEJ) Cancers | Advanced HNSCC,N-803 | Pembrolizumab | PD-L1 t-haNK,National Cancer Institute (NCI),NIH,United States,False,True,True,False,False,False,,False,2021,2021
NCT04887012,Clinical Study of HLA Haploidentical CAR-NK Cells Targeting CD19 in the Treatment of Refractory/Relapsed B-cell NHL,UNKNOWN,PHASE1,2021-05-01,ACTUAL,2021-05-14,25,B-cell Non Hodgkin Lymphoma,anti-CD19 CAR-NK,"Second Affiliated Hospital, Zhejiang University, School of Medicine",OTHER,China,False,True,False,False,False,False,,True,2021,2021
NCT04952584,Allogeneic CD30 Chimeric Antigen Receptor Epstein-Barr Virus-Specific T Lymphocytes in Relapsed or Refractory CD30-Positive Lymphomas,WITHDRAWN,PHASE1,2024-03,ESTIMATED,2021-07-07,0,"Extranodal Natural Killer/T-Cell Lymphoma, Nasal Type | Classical Hodgkin Lymphoma",CD30.CAR-EBVST cells,Baylor College of Medicine,OTHER,United States,False,False,False,False,False,False,,False,2024,2021
NCT05008536,Anti-BCMA CAR-NK Cell Therapy for the Relapsed or Refractory Multiple Myeloma,UNKNOWN,EARLY_PHASE1,2021-10-01,ACTUAL,2021-08-17,27,"Multiple Myeloma, Refractory",Anti-BCMA CAR-NK Cells | Fludarabine | Cytoxan,Xinqiao Hospital of Chongqing,OTHER,China,False,True,False,False,False,False,,True,2021,2021
NCT05008575,Anti-CD33 CAR NK Cells in the Treatment of Relapsed/Refractory Acute Myeloid Leukemia,UNKNOWN,PHASE1,2021-12-23,ACTUAL,2021-08-17,27,"Leukemia, Myeloid, Acute",anti-CD33 CAR NK cells | Fludarabine | Cytoxan,Xinqiao Hospital of Chongqing,OTHER,China,False,True,False,False,False,False,,True,2021,2021
NCT05020015,A Study of TAK-007 in Adults With Relapsed or Refractory (r/r) B-cell Non-Hodgkin Lymphoma (NHL),ACTIVE_NOT_RECRUITING,PHASE2,2021-11-12,ACTUAL,2021-08-25,27,Relapsed or Refractory (r/r) B-cell Non-Hodgkin Lymphoma (NHL),TAK-007 | Chemotherapy Agents,Takeda,INDUSTRY,United States,True,True,False,False,False,False,"TAK-007, CD19 CAR cord-blood NK",True,2021,2021
NCT05020678,"NKX019, Intravenous Allogeneic Chimeric Antigen Receptor Natural Killer Cells (CAR NK), in Adults With B-cell Cancers",ACTIVE_NOT_RECRUITING,PHASE1,2021-08-20,ACTUAL,2021-08-25,150,"Lymphoma, Non-Hodgkin | B-cell Acute Lymphoblastic Leukemia | Large B-cell Lymphoma | Mantle Cell Lymphoma | Indolent Lymphoma | Waldenstrom Macroglobulinemia | Chronic Lymphocytic Leukemia | Small Lymphocytic Lymphoma | Aggressive Lymphoma | Large-cell Lymphoma",NKX019,"Nkarta, Inc.",INDUSTRY,Australia | United States,False,True,False,False,False,False,,True,2021,2021
NCT05045040,Empathetic Communication Facilitation Program for Early Initiation of End-of-life Discussions,COMPLETED,,2021-09-06,ACTUAL,2021-09-16,264,End of Life Care | Advanced Cancer | Recurrent Cancer,Mobile-based empathetic communication support program to promote ACP discussion,Yosuke Uchitomi,OTHER_GOV,Japan,False,False,False,False,False,False,,False,2021,2021
NCT05092451,Phase I/II Study of CAR.70- Engineered IL15-transduced Cord Blood-derived NK Cells in Conjunction With Lymphodepleting Chemotherapy for the Management of Relapse/Refractory Hematological Malignances,RECRUITING,PHASE1 | PHASE2,2022-11-01,ACTUAL,2021-10-25,80,B-Cell Lymphoma | Myelodysplastic Syndromes (MDS) | Acute Myeloid Leukemia (AML) | Multiple Myeloma | Plasma Cell Leukemia | Hodgkin Lymphoma | T-cell Non-Hodgkin's Lymphoma/ T-cell Acute Lymphoblastic Leukmeia | Myelodysplastic Syndrome / Chronic Myelomonocytic Leukemia | Blastic Transformation of Chronic Myeloid Leukemia | Germ Cell Tumors,Cyclophosphamide | CAR.70/IL15-transduced CB-NK cells | Fludarabine phosphate,M.D. Anderson Cancer Center,OTHER,United States,False,True,False,False,False,False,,True,2022,2021
NCT05110742,Phase I/II Study of CD5 CAR Engineered IL15-Transduced Cord Blood-Derived NK Cells in Conjunction With Lymphodepleting Chemotherapy for the Management of Relapsed/Refractory Hematological Malignances,RECRUITING,PHASE1 | PHASE2,2024-04-22,ACTUAL,2021-11-08,64,Hematological Malignancy,Fludarabine Phosphate | Cyclophosphamide | CAR.5/IL15-transduced CB-NK cells,M.D. Anderson Cancer Center,OTHER,United States,False,True,False,False,False,False,,True,2024,2021
NCT05137275,Study of Anti-5T4 CAR-raNK Cell Therapy in Locally Advanced or Metastatic Solid Tumors,UNKNOWN,EARLY_PHASE1,2021-11-24,ACTUAL,2021-11-30,56,Locally Advanced or Metastatic Solid Tumors,Anti-5T4 CAR-raNK Cells,Shanghai East Hospital,OTHER,China,False,True,False,False,False,False,5T4 CAR-raNK (primary NK),True,2021,2021
NCT05141253,Safety and Efficacy of RD133 in Subjects With Relapsed or Refractory MSLN-Positive Solid Tumors,RECRUITING,EARLY_PHASE1,2022-01-12,ACTUAL,2021-12-02,24,Cancer,RD133,Tongji Hospital,OTHER,China,False,False,False,False,True,True,,False,2022,2021
NCT05143151,CD276-targeted Chimeric Antigen Receptor T Cells in Treatment With Advanced Pancreatic Cancer,UNKNOWN,PHASE1 | PHASE2,2021-07-01,ACTUAL,2021-12-03,10,Advanced Pancreatic Carcinoma,CD276 CAR-T cells,Shenzhen University General Hospital,OTHER,China,False,False,False,False,True,True,,False,2021,2021
NCT05166070,An Exploratory Clinical Study of RD133 in Subjects With Relapsed or Refractory MSLN-Positive Solid Tumors,RECRUITING,EARLY_PHASE1,2022-01-01,ESTIMATED,2021-12-21,24,Solid Tumor,RD133,The First Affiliated Hospital with Nanjing Medical University,OTHER,China,False,False,False,False,True,True,,False,2022,2021
NCT05182073,FT576 in Subjects With Multiple Myeloma,COMPLETED,PHASE1,2021-11-10,ACTUAL,2022-01-10,31,Multiple Myeloma | Myeloma,FT576 (Allogenic CAR NK cells with BCMA expression) | Cyclophosphamide | Fludarabine | Daratumumab | Bendamustine,Fate Therapeutics,INDUSTRY,United States,False,True,False,False,False,False,,True,2021,2022
NCT05185635,Validating Neuropsych Tests in Spanish-speakers,UNKNOWN,,2022-01-01,ESTIMATED,2022-01-11,40,Neuropsychology | Testing,Neuropsychological testing,Rehabilitation Hospital of Indiana,OTHER,,False,False,False,False,False,False,,False,2022,2022
NCT05194709,Study of Anti-5T4 CAR-NK Cell Therapy in Advanced Solid Tumors,UNKNOWN,EARLY_PHASE1,2021-12-30,ACTUAL,2022-01-18,40,Advanced Solid Tumors,Anti-CAR-NK Cells,Wuxi People's Hospital,OTHER,China,False,True,False,False,False,False,,True,2021,2022
NCT05208853,An Exploratory Clinical Study Evaluating the Safety and Efficacy of Anti CD30 CAR T Cells in Patients With CD30+ Relapsed/Refractory Lymphoma,UNKNOWN,EARLY_PHASE1,2022-02-10,ESTIMATED,2022-01-26,9,"Hodgkin Lymphoma | NK/T Cell Lymphoma | Peripheral T Cell Lymphoma, Unspecified | Angioimmunoblastic T-cell Lymphoma | Anaplastic Large Cell Lymphoma | Diffuse Large B Cell Lymphoma | Mediastinal B-Cell Diffuse Large Cell Lymphoma | Gray Zone Lymphoma",Anti CD30 CAR-T Cell Injection,Zhejiang University,OTHER,China,False,False,False,False,True,True,,False,2022,2022
NCT05213195,NKG2D CAR-NK Cell Therapy in Patients With Refractory Metastatic Colorectal Cancer,UNKNOWN,PHASE1,2021-12-10,ACTUAL,2022-01-28,38,Refractory Metastatic Colorectal Cancer,NKG2D CAR-NK,Zhejiang University,OTHER,China,False,True,False,False,False,False,,True,2021,2022
NCT05215015,Study of Anti-CD33/CLL1 CAR-NK in Acute Myeloid Leukemia,UNKNOWN,EARLY_PHASE1,2020-11-30,ACTUAL,2022-01-31,18,Acute Myeloid Leukemia,Anti-CD33/CLL1 CAR-NK Cells,Wuxi People's Hospital,OTHER,China,False,True,False,False,False,False,,True,2020,2022
NCT05247957,NKG2D CAR-NK Cell Therapy in Patients With Relapsed or Refractory Acute Myeloid Leukemia,TERMINATED,,2021-10-13,ACTUAL,2022-02-21,9,Safety and Efficacy,CAR-NK cells,"Hangzhou Cheetah Cell Therapeutics Co., Ltd",OTHER,China,False,True,False,False,False,False,,True,2021,2022
NCT05248048,NKG2D CAR-T Cells to Treat Patients With Previously Treated Liver Metastatic Colorectal Cancer,UNKNOWN,EARLY_PHASE1,2021-09-13,ACTUAL,2022-02-21,9,Refractory Metastatic Colorectal Cancer,CAR-T infusion,The Third Affiliated Hospital of Guangzhou Medical University,OTHER,China,False,True,False,False,False,True,NKG2D CAR-T (CAR-NK text is a registry typo),False,2021,2022
NCT05336409,A Study of CNTY-101 in Participants With CD19-Positive B-Cell Malignancies,TERMINATED,PHASE1,2023-01-24,ACTUAL,2022-04-20,28,R/R CD19-Positive B-Cell Malignancies | Indolent Non-Hodgkin Lymphoma | Aggressive Non-Hodgkin Lymphoma,CNTY-101 | IL-2 | Lymphodepleting Chemotherapy,"Century Therapeutics, Inc.",INDUSTRY,United States,False,False,False,False,False,False,"CNTY-101, CD19 CAR iPSC-NK",True,2023,2022
NCT05350787,"Evaluate the Safety, Efficacy and Pharmacokinetics of ThisCART19A in Patients With R/R B-ALL",COMPLETED,PHASE1,2022-03-18,ACTUAL,2022-04-28,10,B-ALL,ThisCART19A,Zhejiang University,OTHER,China,False,False,False,False,True,True,,False,2022,2022
NCT05350852,"Evaluate the Safety, Efficacy and Pharmacokinetics of ThisCART19A in Patients With MRD+ B-ALL",UNKNOWN,PHASE1,2022-03-18,ACTUAL,2022-04-28,16,B-ALL,ThisCART19A,Zhejiang University,OTHER,China,False,False,False,False,True,True,,False,2022,2022
NCT05377827,Dose-Escalation and Dose-Expansion Study to Evaluate the Safety and Tolerability of Anti-CD7 Allogeneic CAR T-Cells (WU-CART-007) in Patients With CD7+ Hematologic Malignancies,SUSPENDED,PHASE1,2023-10-10,ACTUAL,2022-05-17,6,T-Cell Non-Hodgkin Lymphoma | Acute Myeloid Leukemia | Angioimmunoblastic T-cell Lymphoma | Enteropathy-Associated T-Cell Lymphoma | Monomorphic Epitheliotropic Intestinal T-Cell Lymphoma | Peripheral T Cell Lymphoma | Anaplastic Large Cell Lymphoma | Adult T Cell Leukemia | Adult T Cell Lymphoma | T Cell Prolymphocytic Leukemia | Extranodal NK/T-cell Lymphoma | Transformed Mycosis Fungoides | Sezary Syndrome | Primary Cutaneous Gamma-Delta T-Cell Lymphoma | Hepatosplenic T-cell Lymphoma,WU-CART-007,Washington University School of Medicine,OTHER,United States,False,False,False,False,True,True,,False,2023,2022
NCT05379647,Natural Killer (NK) Cell Therapy for B-Cell Malignancies,UNKNOWN,PHASE1,2021-11-04,ACTUAL,2022-05-18,24,B-cell Lymphoma | B-cell Acute Lymphoblastic Leukemia,QN-019a | Rituximab | Cyclophosphamid | Fludarabine | VP-16,Zhejiang University,OTHER,China,False,True,False,False,False,False,,True,2021,2022
NCT05398614,SENL101 Autologous T Cell Injection in Adults With Relapsed or Refractory CD7+ Hematolymphoid Malignancies,UNKNOWN,PHASE1,2022-05-01,ACTUAL,2022-06-01,18,"T-ALL | Lymphoma, T-Cell",SENL101,"Hebei Senlang Biotechnology Inc., Ltd.",INDUSTRY,China,False,False,False,False,True,True,,False,2022,2022
NCT05410041,Anti-CD19 CAR-Engineered NK Cells in the Treatment of Relapsed/Refractory B-cell Malignancies,UNKNOWN,PHASE1,2022-05-25,ACTUAL,2022-06-08,15,Acute Lymphocytic Leukemia | Chronic Lymphocytic Leukemia | Non Hodgkin Lymphoma,CAR-NK-CD19 Cells,Beijing Boren Hospital,OTHER,China,False,True,False,False,False,False,,True,2022,2022
NCT05410717,CLDN6/GPC3/Mesothelin/AXL-CAR-NK Cell Therapy for Advanced Solid Tumors,RECRUITING,PHASE1,2022-06-01,ACTUAL,2022-06-08,200,"Stage IV Ovarian Cancer | Testis Cancer, Refractory | Endometrial Cancer Recurrent | CAR NK","Claudin6, GPC3, Mesothelin, or AXL targeting CAR-NK cells",Second Affiliated Hospital of Guangzhou Medical University,OTHER,China,False,True,False,False,False,False,,True,2022,2022
NCT05472558,Clinical Study of Cord Blood-derived CAR-NK Cells Targeting CD19 in the Treatment of Refractory/Relapsed B-cell NHL,RECRUITING,PHASE1,2022-07-26,ACTUAL,2022-07-25,48,B-cell Non Hodgkin Lymphoma,anti-CD19 CAR-NK,"Second Affiliated Hospital, Zhejiang University, School of Medicine",OTHER,China,False,True,False,False,False,False,,True,2022,2022
NCT05487651,Allogeneic NK T-Cells Expressing CD19 Specific CAR in B-Cell Malignancies,UNKNOWN,PHASE1,2022-10-01,ACTUAL,2022-08-04,36,"NHL, Relapsed, Adult | B-cell Lymphoma | B-cell Leukemia | DLBCL - Diffuse Large B Cell Lymphoma | ALL, Adult B Cell | ALL, Childhood | CLL/SLL",KUR-502,"Athenex, Inc.",INDUSTRY,United States,False,True,False,True,False,False,,False,2022,2022
NCT05498545,Universal BCMA-targeted LUCAR-B68 Cells in Patients With Relapsed/Refractory Multiple Myeloma,TERMINATED,PHASE1,2022-11-24,ACTUAL,2022-08-12,8,Relapsed/Refractory Multiple Myeloma,LUCAR-B68 cells product,Second Affiliated Hospital of Xi'an Jiaotong University,OTHER,China,False,False,False,False,False,False,,False,2022,2022
NCT05507593,Study of DLL3-CAR-NK Cells in the Treatment of Extensive Stage Small Cell Lung Cancer,UNKNOWN,PHASE1,2022-09-01,ESTIMATED,2022-08-19,18,"SCLC, Extensive Stage",DLL3-CAR-NK cells,Tianjin Medical University Cancer Institute and Hospital,OTHER,China,False,True,False,False,False,False,,True,2022,2022
NCT05535673,"Safety, Efficacy and Pharmacokinetics of ThisCART19A in Patients With Refractory or Relapsed B Cell Lymphoma",UNKNOWN,PHASE1,2022-09-02,ESTIMATED,2022-09-10,15,"Allogeneic, CAR-T, Protein Sequestration, Non-gene Edited, r/r B-NHL",ThisCART19A,Zhengzhou University,OTHER,,False,False,False,False,True,True,,False,2022,2022
NCT05563545,Anti-CD19 CAR-Engineered NK Cells in the Treatment of Relapsed/Refractory Acute Lymphoblastic Leukemia,COMPLETED,PHASE1,2022-07-21,ACTUAL,2022-10-03,2,Acute Lymphoblastic Leukemia,CAR-NK-CD19 Cells,"Shanghai Simnova Biotechnology Co.,Ltd.",INDUSTRY,China,False,True,False,False,False,False,,True,2022,2022
NCT05570188,Anti-CD19 Universal CAR-NK Cells Therapy Combined With HSCT for B Cell Hematologic Malignancies,WITHDRAWN,PHASE1 | PHASE2,2022-10-01,ACTUAL,2022-10-06,0,B-cell Lymphoma | B-cell Leukemia,anti-CD19 UCAR-NK cells,Kunming Hope of Health Hospital,OTHER,China,False,True,False,False,False,False,,True,2022,2022
NCT05574608,Allogenic CD123-CAR-NK Cells in the Treatment of Refractory/Relapsed Acute Myeloid Leukemia,UNKNOWN,EARLY_PHASE1,2022-10-01,ACTUAL,2022-10-10,12,Acute Myeloid Leukemia Refractory | Acute Myeloid Leukemia Recurrent,CD123-CAR-NK cells,Affiliated Hospital to Academy of Military Medical Sciences,OTHER,China,False,True,False,False,False,False,,True,2022,2022
NCT05601466,Natural Killer(NK) Cell Therapy for Acute Myeloid Leukemia,TERMINATED,PHASE1,2022-03-26,ACTUAL,2022-11-01,3,"AML, Adult",QN-023a | Cyclophosphamid | Fludarabine | Cytarabine,"Institute of Hematology & Blood Diseases Hospital, China",OTHER,China,False,True,False,False,False,False,,True,2022,2022
NCT05618925,Study for Subjects With Relapsed/Refractory Non- Hodgkin Lymphoma,RECRUITING,PHASE1,2025-08-22,ACTUAL,2022-11-16,20,Non Hodgkin's Lymphoma Refractory/Relapsed,N803 | CD19t-haNK suspension | Cyclophosphamide | Fludarabine | Rituximab,"ImmunityBio, Inc.",INDUSTRY,United States,False,False,True,False,False,False,,False,2025,2022
NCT05635591,KSD-101 Therapy for EBV-associated Haematologic Neoplasms: an Exploratory Clinical Trial,ENROLLING_BY_INVITATION,PHASE1,2023-01-16,ACTUAL,2022-12-02,9,EBV-associated Haematologic Neoplasms,Autologous monocyte - derived DCs pulsed with EBV antigen,Tongji Hospital,OTHER,China,False,False,False,False,False,False,,False,2023,2022
NCT05645601,CAR-NK Targeted CD19 for r/r B-cell Malignancies,UNKNOWN,PHASE1,2022-12-01,ACTUAL,2022-12-09,12,Adult Relapsed/Refractory B-cell Hematologic Malignancies,CD19-CAR-NK,Affiliated Hospital to Academy of Military Medical Sciences,OTHER,China,False,True,False,False,False,False,,True,2022,2022
NCT05652530,Clinical Study of the Safety and Efficacy of BCMA CAR-NK,UNKNOWN,EARLY_PHASE1,2022-11-13,ACTUAL,2022-12-15,19,Immunotherapy | Multiple Myeloma,Chimeric Antigen Receptor NK Cell Injection Targeting BCMA (BCMA CAR-NK),"Shenzhen Pregene Biopharma Co., Ltd.",INDUSTRY,China,False,True,False,False,False,False,,True,2022,2022
NCT05654038,A Study of Universal CD19-Targeted UCAR-NK Cells Combined With HSCT for B Cell Hematologic Malignancies,UNKNOWN,PHASE1 | PHASE2,2022-12-08,ACTUAL,2022-12-16,30,B-Cell Lymphoblastic Leukemia/Lymphoma,Anti-CD19 UCAR-NK cells,920th Hospital of Joint Logistics Support Force of People's Liberation Army of China,OTHER,China,False,True,False,False,False,False,,True,2022,2022
NCT05665075,Natural Killer (NK) Cell Therapy Targeting CD33 in Acute Myeloid Leukemia,UNKNOWN,PHASE1,2022-12-24,ESTIMATED,2022-12-27,19,"AML, Adult",QN-023a | Cyclophosphamid | Fludarabine | Cytarabine | VP-16,Zhejiang University,OTHER,China,False,True,False,False,False,False,,True,2022,2022
NCT05667155,Clinical Study of Cord Blood-derived CAR NK Cells Targeting CD19/CD70 in Refractory/Relapsed B-cell Non-Hodgkin Lymphoma,UNKNOWN,PHASE1,2022-12-15,ACTUAL,2022-12-28,48,B-cell Non Hodgkin Lymphoma,CB dualCAR-NK19/70,"Second Affiliated Hospital, Zhejiang University, School of Medicine",OTHER,China,False,True,False,False,False,False,,True,2022,2022
NCT05673447,The Study of Anti-CD19 CAR NK Cells in the Treatment of Relapsed/Refractory Diffuse Large B Cell Lymphoma,UNKNOWN,EARLY_PHASE1,2023-03-01,ACTUAL,2023-01-06,12,Diffuse Large B Cell Lymphoma,anti-CD19 CAR NK cells,Changhai Hospital,OTHER,China,False,True,False,False,False,False,,True,2023,2023
NCT05678205,A Clinical Trial of the Safety and Anti-Tumor Activity of AB-201 in Subjects With Advanced HER2+ Solid Tumors,WITHDRAWN,PHASE1 | PHASE2,2023-08-01,ESTIMATED,2023-01-10,0,Breast Cancer | Gastric Cancer | Gastroesophageal Junction Adenocarcinoma,AB-201 | Cyclophosphamide | Fludarabine,"Artiva Biotherapeutics, Inc.",INDUSTRY,South Korea | United States,False,False,False,False,False,False,"AB-201, HER2 CAR-NK",True,2023,2023
NCT05686720,"Single-arm, Open-label Clinical Study of SZ011 in the Treatment of Advanced Triple Negative Breast Cancer",UNKNOWN,EARLY_PHASE1,2023-02-01,ESTIMATED,2023-01-17,12,Advanced Triple Negative Breast Cancer,SZ011 CAR-NK,First Affiliated Hospital of Shantou University Medical College,OTHER,China,False,True,False,False,False,False,,True,2023,2023
NCT05700630,Ph1 Study of FT538 Alone and With Vorinostat for Persistent Low-Level HIV Viremia,WITHDRAWN,PHASE1,2024-07-15,ESTIMATED,2023-01-26,0,HIV-1-infection | ART | Cd4+ Lymphocyte Deficiency | Lymphoid Tissue; Infection | Interleukin,FT538 | Vorinostat,"Masonic Cancer Center, University of Minnesota",OTHER,United States,False,False,False,False,False,False,,False,2024,2023
NCT05703854,"Study of CAR.70-engineered IL15-transduced Cord Blood-derived NK Cells in Conjunction With Lymphodepleting Chemotherapy for the Management of Advanced Renal Cell Carcinoma, Mesothelioma and Osteosarcoma",SUSPENDED,PHASE1 | PHASE2,2023-03-29,ACTUAL,2023-01-30,50,Advanced Renal Cell Carcinoma | Advanced Mesothelioma | Advanced Osteosarcoma,CAR.70/IL15-transduced CB-derived NK cells | Fludarabine phosphate | Cyclophosphamide,M.D. Anderson Cancer Center,OTHER,United States,False,True,False,False,False,False,,True,2023,2023
NCT05734898,NKG2D CAR-NK & r/rAML,UNKNOWN,,2023-03,ESTIMATED,2023-02-21,30,AML,NKG2D CAR-NK,Zhejiang University,OTHER,China,False,True,False,False,False,False,,True,2023,2023
NCT05739227,Safety and Efficacy of Allogenic CD19-CAR-NK Cells in Treatmenting r/r B-cell Hematologic Malignancies,UNKNOWN,EARLY_PHASE1,2023-03-01,ESTIMATED,2023-02-22,12,Acute Lymphoblastic Leukemia | B-cell Lymphoma | Chronic Lymphocytic Leukemia,allogenic CD19-CAR-NK cells,Xuzhou Medical University,OTHER,China,False,True,False,False,False,False,,True,2023,2023
NCT05776355,NKG2D CAR-NK & Ovarian Cancer,UNKNOWN,,2023-03,ESTIMATED,2023-03-20,18,Ovarian Cancer,NKG2D CAR-NK,"Hangzhou Cheetah Cell Therapeutics Co., Ltd",OTHER,China,False,True,False,False,False,False,,True,2023,2023
NCT05842707,Study of Cord Blood-derived CAR NK Cells Targeting CD19/CD70 in Refractory/Relapsed B-cell Non-Hodgkin Lymphoma,RECRUITING,PHASE1 | PHASE2,2023-01-18,ACTUAL,2023-05-06,48,Refractory or Relapsed B-cell Non-Hodgkin Lymphoma,dualCAR-NK19/70 cell,Aibin Liang，MD，Ph.D.,OTHER,China,False,True,False,False,False,False,,True,2023,2023
NCT05845502,"Single-arm, Open-label Clinical Study of SZ003 in the Treatment of Advanced Hepatocellular Carcinoma",TERMINATED,,2021-07-26,ACTUAL,2023-05-06,8,Advanced Hepatocellular Carcinoma,SZ003 CAR-NK,Shantou University Medical College,OTHER,China,False,True,False,False,False,False,,True,2021,2023
NCT05856643,"Single-arm, Open-label Clinical Study of SZ011 in the Treatment of Ovarian Epithelial Carcinoma",UNKNOWN,EARLY_PHASE1,2024-08-13,ESTIMATED,2023-05-12,12,Ovarian Epithelial Carcinoma,SZ011 CAR-NK,Shantou University Medical College,OTHER,China,False,True,False,False,False,False,,True,2024,2023
NCT05869279,Allogeneic CARCIK-CD19 in Adults/Pediatric B-cell NHL or Chronic Lymphocytic Leukemia,RECRUITING,PHASE1 | PHASE2,2023-12-01,ACTUAL,2023-05-22,29,B-cell NHL | CLL,CARCIK-CD19,Fondazione Matilde Tettamanti Menotti De Marchi Onlus,OTHER,Italy,False,False,False,False,False,False,,False,2023,2023
NCT05882305,KSD-101 Therapy for EBV-associated Lymphomas: an Exploratory Clinical Trial,WITHDRAWN,EARLY_PHASE1,2023-06-10,ACTUAL,2023-05-31,0,EBV-associated Lymphomas,Autologous monocyte-derived DCs pulsed withEBV-associated antigen,"Kousai Bio Co., Ltd.",OTHER,China,False,False,False,False,False,False,,False,2023,2023
NCT05922930,"Study of TROP2 CAR Engineered IL15-transduced Cord Blood-derived NK Cells Delivered Intraperitoneally for the Management of Platinum Resistant Ovarian Cancer, Mesonephric-like Adenocarcinoma, and Pancreatic Cancer",SUSPENDED,PHASE1 | PHASE2,2023-10-11,ACTUAL,2023-06-28,51,Pancreatic Cancer | Ovarian Cancer | Adenocarcinoma,TROP2-CAR-NK | Cyclophosphamide | Fludarabine,M.D. Anderson Cancer Center,OTHER,United States,False,True,False,False,False,False,,True,2023,2023
NCT05934097,FT596 in Combination With R-CHOP in Subjects With B-Cell Lymphoma,WITHDRAWN,PHASE1,2022-12,ESTIMATED,2023-07-06,0,Diffuse Large B Cell Lymphoma | Transformed Indolent Non-Hodgkin's Lymphoma | Follicular Lymphoma | Mantle Cell Lymphoma | Marginal Zone Lymphoma,FT596 | Cyclophosphamide | Doxorubicin | Vincristine | Prednisone | Rituximab | Bendamustine,Fate Therapeutics,INDUSTRY,,False,False,False,False,False,False,"FT596, CD19 CAR iPSC-NK",True,2022,2023
NCT05941156,Clinical Study of Anti-CD56-CAR-T in the Treatment of Relapsed/Refractory NK/T Cell Lymphoma /NK Cell Leukemia,UNKNOWN,PHASE2,2023-05-01,ACTUAL,2023-07-12,20,Extranodal NK T Cell Lymphoma | NK-Cell Leukemia,Anti-CD56 CAR T,The Affiliated Hospital of Xuzhou Medical University,OTHER,China,False,True,False,False,False,True,,True,2023,2023
NCT05950334,FT522 With Rituximab in Relapsed/Refractory B-Cell Lymphoma (FT522-101),COMPLETED,PHASE1,2023-11-16,ACTUAL,2023-07-18,20,Relapsed/Refractory B-Cell Lymphoma,FT522 | Rituximab | Cyclophosphamide | Fludarabine | Bendamustine,Fate Therapeutics,INDUSTRY,United States,False,False,False,False,False,False,"FT522, CD19 CAR iPSC-NK with ADR",True,2023,2023
NCT05976906,Universal Dual-target NKG2D-NKp44 CAR-T Cells in Advanced Solid Tumors,UNKNOWN,PHASE1,2023-05-23,ACTUAL,2023-08-04,36,Advanced Solid Tumors,Universal Chimeric Natural Killer Receptor Modified T-cells (CNK-UT),Zhejiang University,OTHER,China,False,False,False,False,True,True,NKG2D/NKp44 CAR-T,False,2023,2023
NCT05987696,Natural Killer(NK) Cell Therapy in Acute Myeloid Leukemia,COMPLETED,PHASE1,2023-07-31,ACTUAL,2023-08-14,2,"AML, Adult | Minimal Residual Disease",CD33/CLL1 dual CAR-NK cell | Cyclophosphamid | Fludarabine | Cytarabine | CD33 CAR-NK cell | super NK cell,"Institute of Hematology & Blood Diseases Hospital, China",OTHER,China,False,True,False,False,False,False,,True,2023,2023
NCT05995028,Universal 4SCAR7U Targeting CD7-positive Malignancies,NOT_YET_RECRUITING,PHASE1,2027-06-30,ESTIMATED,2023-08-16,30,T-cell Acute Lymphoblastic Leukemia | T-cell Acute Lymphoblastic Lymphoma | Acute Myeloid Leukemia | NK Cell Lymphoma,Universal CD7-specific CAR gene-engineered T cells,Shenzhen Geno-Immune Medical Institute,OTHER,China,False,False,False,False,False,False,,False,2027,2023
NCT06006403,Safety and Efficacy of CD123-targeted CAR-NK for Relapsed/Refractory Acute Myeloid Leukemia or Blastic Plasmacytoid Dendritic Cell Neoplasm,COMPLETED,PHASE1 | PHASE2,2024-03-28,ACTUAL,2023-08-23,5,Acute Myeloid Leukemia | Blastic Plasmacytoid Dendritic Cell Neoplasm (BPDCN) | Relapse Leukemia | Refractory Leukemia,CD123 targeted CAR-NK cells,"Chongqing Precision Biotech Co., Ltd",INDUSTRY,China,False,True,False,False,False,False,,True,2024,2023
NCT06010472,An Exploratory Clinical Study of Anti-CD19 CAR NK Cells in the Treatment of Systemic Lupus Erythematosus,RECRUITING,EARLY_PHASE1,2023-08-20,ACTUAL,2023-08-24,36,Systemic Lupus Erythematosus (SLE),anti-CD19 CAR NK cells (KN5501),Changhai Hospital,OTHER,China,False,True,False,False,False,False,,True,2023,2023
NCT06027853,Natural Killer(NK) Cell Therapy Targeting CLL1 in Acute Myeloid Leukemia,UNKNOWN,PHASE1,2023-09-10,ESTIMATED,2023-09-07,24,"AML, Adult",CLL1 CAR-NK cell injection,Zhejiang University,OTHER,China,False,True,False,False,False,False,,True,2023,2023
NCT06045091,To Evaluate the Safety and Efficacy of Human BCMA Targeted CAR-NK Cells Injection for Subjects With R/R MM or PCL,RECRUITING,EARLY_PHASE1,2023-07-04,ACTUAL,2023-09-21,18,Multiple Myeloma | Plasma Cell Leukemia,Human BCMA targeted CAR-NK cells injection,"Hrain Biotechnology Co., Ltd.",INDUSTRY,China,False,True,False,False,False,False,,True,2023,2023
NCT06064903,CD7-CAR-T Cells in Pediatric Relapsed/Refractory CD7+ T-ALL/LL,RECRUITING,PHASE1 | PHASE2,2024-04-21,ACTUAL,2023-10-03,26,T-Cell Acute Lymphoblastic Leukemia/Lymphoblastic Lymphoma,CD7-CART01,Bambino Gesù Hospital and Research Institute,OTHER,Italy,False,False,False,False,True,True,,False,2024,2023
NCT06066424,Phase 1 Dose Escalation and Expansion Study of TROP2 CAR Engineered IL15-transduced Cord Blood-derived NK Cells in Patients With Advanced Solid Tumors (TROPIKANA),RECRUITING,PHASE1,2023-10-24,ACTUAL,2023-10-04,54,Solid Tumors,Rimiducid | TROP2-CAR-NK Cells | Fludarabine phosphate | Cyclophosphamide,M.D. Anderson Cancer Center,OTHER,United States,False,True,False,False,False,False,,True,2023,2023
NCT06097793,KSD-101 Therapy for EBV-associated Nasopharyngeal Carcinoma: an Exploratory Clinical Trial,UNKNOWN,EARLY_PHASE1,2023-12-04,ACTUAL,2023-10-24,12,Nasopharyngeal Carcinoma,KSD-101,"Kousai Bio Co., Ltd.",OTHER,China,False,False,False,False,False,False,,False,2023,2023
NCT06176690,Constitutive IL7R (C7R) Modified Banked Allogeneic CD30.CAR EBVSTS for CD30-Positive Lymphomas,RECRUITING,PHASE1,2025-10-27,ACTUAL,2023-12-20,90,"CD30-Positive Diffuse Large B-Cell Lymphoma | Anaplastic Large Cell Lymphoma, T Cell and Null Cell Type | Anaplastic Large Cell Lymphoma, ALK-Positive | Peripheral T-cell Lymphoma | Anaplastic Large Cell Lymphoma, ALK-negative | Non-Hodgkin Lymphoma | Hodgkin Lymphoma",C7R.CD30.CAR-EBVST cells,Baylor College of Medicine,OTHER,United States,False,False,False,False,False,False,,False,2025,2023
NCT06201247,Off-the-shelf CD123 CAR-NK for R/R AML,RECRUITING,EARLY_PHASE1,2023-12-30,ACTUAL,2024-01-11,12,"Acute Myeloid Leukemia, in Relapse | Acute Myeloid Leukemia Refractory",JD123 injection,Peking University People's Hospital,OTHER,China,False,True,False,False,False,False,,True,2023,2024
NCT06206902,F01 in the Treatment of Relapsed/Refractory Non-hodgkin's Lymphoma,UNKNOWN,PHASE1,2024-04,ESTIMATED,2024-01-16,55,Non-Hodgkin's Lymphoma,"After preconditioning with chemotherapy, F01 will be evaluated.","Shanghai Simnova Biotechnology Co.,Ltd.",INDUSTRY,China,False,True,False,False,False,False,,True,2024,2024
NCT06208280,F01 in the Treatment of Autoimmune Diseases,UNKNOWN,PHASE1,2024-01-09,ESTIMATED,2024-01-17,20,Autoimmune Diseases,"After preconditioning with Fludarabine and Cyclophosphamide, F01 will be evaluated.",RenJi Hospital,OTHER,China,False,True,False,False,False,False,,True,2024,2024
NCT06242249,Anti-BCMA CAR-NK Therapy in Relapsed or Refractory Multiple Myeloma,UNKNOWN,PHASE1 | PHASE2,2024-04-30,ESTIMATED,2024-02-05,10,"Multiple Myeloma, Refractory",Anti-BCMA CAR-NK,Shahid Beheshti University of Medical Sciences,OTHER,Iran,False,True,False,False,False,False,,True,2024,2024
NCT06255028,A Study of CNTY-101 in Participants With Refractory B Cell-mediated Autoimmune Diseases,ACTIVE_NOT_RECRUITING,PHASE1,2025-02-06,ACTUAL,2024-02-12,6,Systemic Lupus Erythematosus | Lupus Nephritis | Idiopathic Inflammatory Myopathies | Diffuse Cutaneous Systemic Sclerosis,CNTY-101 | IL-2 | Lymphodepleting Chemotherapy,"Century Therapeutics, Inc.",INDUSTRY,United States,False,True,False,False,False,False,"CNTY-101, CD19 CAR iPSC-NK",True,2025,2024
NCT06307054,CLL-1 CAR-NK Cells for Relapsed/Refractory AML,RECRUITING,PHASE1,2024-04-01,ACTUAL,2024-03-12,24,Relapsed Adult AML | Refractory AML,anti-CLL-1 CAR NK cells,"Shanghai General Hospital, Shanghai Jiao Tong University School of Medicine",OTHER,China,False,True,False,False,False,False,,True,2024,2024
NCT06318533,A Clinical Study of CAR NK Cells for the Treatment of Relapsed/Refractory B-cell Related Autoimmune Diseases,RECRUITING,EARLY_PHASE1,2024-03-13,ACTUAL,2024-03-19,15,Autoimmune Diseases,CAR NK cells,YANRU WANG,OTHER,China,False,True,False,False,False,False,,True,2024,2024
NCT06325748,SENTI-202: Off-the-shelf Logic Gated CAR NK Cell Therapy in Adults With CD33 and/or FLT3 Blood Cancers Including AML/MDS,ACTIVE_NOT_RECRUITING,PHASE1,2024-04-22,ACTUAL,2024-03-22,21,AML/MDS | CD33 Expressing Hematological Malignancies | FLT3 Expressing Hematological Malignancies,SENTI-202,Senti Biosciences,INDUSTRY,Australia | United States,False,True,False,False,False,False,,True,2024,2024
NCT06334991,Study for Participants With Relapsed/Refractory Non-Hodgkin Lymphoma,ACTIVE_NOT_RECRUITING,PHASE1,2024-08-23,ACTUAL,2024-03-28,20,Non-Hodgkin Lymphoma Refractory/ Relapsed,CD19 t-haNK,"ImmunityBio, Inc.",INDUSTRY,South Africa,False,False,True,False,False,False,,False,2024,2024
NCT06337474,An Clinical Study of CD19 CAR NK Cells for the Treatment of Refractory Primary Immune Thrombocytopenia,RECRUITING,EARLY_PHASE1,2024-08-30,ACTUAL,2024-03-29,9,Thrombocytopenia Alloimmune,anti-CD19 CAR NK cells (KN5501),Changzhou No.2 People's Hospital,OTHER,China,False,True,False,False,False,False,,True,2024,2024
NCT06341647,Phase 1 Clinical Trial to Evaluate the Safety and Anti-Tumor Activity of AB-201,WITHDRAWN,PHASE1,2024-10-31,ESTIMATED,2024-04-02,0,Breast Cancer | Gastric Cancer | Gastroesophageal Junction Adenocarcinoma,AB-201 | Cyclophosphamide | Fludarabine,GC Cell Corporation,INDUSTRY,,False,False,False,False,False,False,"AB-201, HER2 CAR-NK",True,2024,2024
NCT06342986,"Intraperitoneal FT536 in Recurrent Ovarian, Fallopian Tube, and Primary Peritoneal Cancer",ACTIVE_NOT_RECRUITING,PHASE1,2024-07-11,ACTUAL,2024-04-02,3,Gynecologic Cancer | Ovarian Cancer | Fallopian Tube Cancer | Primary Peritoneal Cavity Cancer,FT536 | Fludarabine | CY,"Masonic Cancer Center, University of Minnesota",OTHER,United States,False,False,False,False,False,False,"FT536, MICA/B CAR iPSC-NK",True,2024,2024
NCT06352242,Is Trogocytosis a Predictive Marker of CAR-T Cell Response in Diffuse Large B-cell Lymphoma?,RECRUITING,,2024-05-22,ACTUAL,2024-04-08,85,Diffuse Large B Cell Lymphoma,Flow cytometry analysis to determine the level of trogocytosis by effector immune cells in patients | Flow cytometry analysis to determine the level of trogocytosis by effector immune cells in volunteers,"University Hospital, Montpellier",OTHER,France,False,False,False,False,True,True,,False,2024,2024
NCT06358430,Dose Escalation and Expansion Study of TROP2 CAR Engineered IL-15- Transduced Cord Blood-derived NK Cells in Combination With Cetuximab in Patient With Colorectal Cancer (CRC) With Minimal Residual Disease (MRD),ACTIVE_NOT_RECRUITING,PHASE1,2024-12-02,ACTUAL,2024-04-10,10,Colorectal Cancer | Minimal Residual Disease,Fludarabine Phosphate | Cyclophosphamide | Cetuximab | TROP2-CAR-NK Cells | Rimiducid (AP1903) | Lymphodepleting Chemotherapy,M.D. Anderson Cancer Center,OTHER,United States,False,True,False,False,False,False,,True,2024,2024
NCT06367673,Natural Killer(NK) Cell Therapy Targeting CLL1 or CD33 in Acute Myeloid Leukemia,UNKNOWN,PHASE1,2024-04-30,ESTIMATED,2024-04-16,24,"AML, Adult",iPSC-NK cells,Zhejiang University,OTHER,China,False,True,False,False,False,False,,True,2024,2024
NCT06370026,KSD-101 Therapy for Standard Treatment Failed EBV-associated NPC: an Exploratory Clinical Trial,NOT_YET_RECRUITING,EARLY_PHASE1,2024-05-01,ESTIMATED,2024-04-17,12,Nasopharyngeal Carcinoma,KSD-101,Sun Yat-sen University,OTHER,China,False,False,False,False,False,False,,False,2024,2024
NCT06377228,A Study of TAK-007 in Adults With Refractory Lupus Nephritis (LN) or Refractory Systemic Sclerosis (SSc),WITHDRAWN,PHASE1,2025-06-13,ESTIMATED,2024-04-22,0,Refractory Lupus Nephritis | Refractory Systemic Sclerosis,TAK-007 | Chemotherapy Agents,Takeda,INDUSTRY,United States,False,True,False,False,False,False,,True,2025,2024
NCT06379451,An Clinical Study of NKG2D-CAR-NK Cells for the Treatment of Refractory Recurrent Multiple Myeloma,UNKNOWN,EARLY_PHASE1,2024-04-18,ESTIMATED,2024-04-23,9,Multiple Myeloma,NKG2D Chimeric Antigen Receptor NK Cell Injection,Changzhou No.2 People's Hospital,OTHER,China,False,True,True,False,False,False,,False,2024,2024
NCT06421701,Anti-CD19 CAR-NK Cells in Refractory/Relapsed Systemic Lupus Erythematosus,UNKNOWN,PHASE1,2024-08-01,ACTUAL,2024-05-20,10,Systemic Lupus Erythematosus,anti-CD19 CAR-NK cells,"Second Affiliated Hospital, Zhejiang University, School of Medicine",OTHER,China,False,True,False,False,False,False,,True,2024,2024
NCT06434363,Phase I/II Study of AD-PluReceptor Plus Tafasitamab-cxix and Lymphodepleting Chemotherapy in Patients With Autoimmune Disorders,RECRUITING,PHASE1 | PHASE2,2024-07-31,ACTUAL,2024-05-30,47,Autoimmune Disorders | Systemic Sclerosis | Systemic Lupus Erythematosus | Lupus | Lupus Nephritis,Tafasitamab | Fludarabine phosphate | Cyclophosphamide | Tafasitamab and NK cells,M.D. Anderson Cancer Center,OTHER,United States,False,False,False,False,False,False,"AD-PluReceptor NK, no CAR",False,2024,2024
NCT06454890,Clinical Study of Trop2 CAR-NK in the Treatment of Relapsed/Refractory Non-Small Cell Lung Cancer (NSCLC),NOT_YET_RECRUITING,PHASE1 | PHASE2,2024-08-01,ESTIMATED,2024-06-12,50,Non-Small Cell Lung Cancer NSCLC,Anti-Trop2 CAR-NK cell,Henan Cancer Hospital,OTHER_GOV,,False,True,False,False,False,False,,True,2024,2024
NCT06464679,An Exploratory Clinical Study of CD19 CAR NK Cell Injection for the Treatment of Relapsed/Refractory Autoimmune Diseases,RECRUITING,PHASE1,2024-06-27,ACTUAL,2024-06-18,72,Autoimmune Diseases,anti-CD19 CAR NK cells,Changhai Hospital,OTHER,China,False,True,False,False,False,False,,True,2024,2024
NCT06464861,Sequential Treatment of CD19 CARNK and 7x19 CAR-T in R/R B Cell Lymphoma,RECRUITING,PHASE1,2024-06-20,ACTUAL,2024-06-18,52,Primary Mediastinal B-cell Lymphoma (PMBCL) | Mantle Cell Lymphoma (MCL) | Diffuse Large B Cell Lymphoma( DLBCL),CD19-CAR-NK/T,"Second Affiliated Hospital, Zhejiang University, School of Medicine",OTHER,China,False,True,False,False,False,True,,True,2024,2024
NCT06464965,Clinical Study of Cord Blood-Derived CAR-NK Cells in Gastric Cancer and Pancreatic Cancer,COMPLETED,PHASE1,2024-07-03,ACTUAL,2024-06-18,9,Gastric Cancer | Pancreas Adenocarcinoma,CB CAR-NK18.2 | Cyclophosphamide | Fludarabine,Zhejiang Provincial People's Hospital,OTHER,China,False,True,False,False,False,False,,True,2024,2024
NCT06468683,F01 in the Treatment of Moderate-to-severe Refractory Systemic Lupus Erythematosus,NOT_YET_RECRUITING,PHASE1,2024-06-15,ESTIMATED,2024-06-21,50,Lupus Erythematosis,"After preconditioning with chemotherapy, F01 will be evaluated.","Shanghai Simnova Biotechnology Co.,Ltd.",INDUSTRY,China,False,True,False,False,False,False,,True,2024,2024
NCT06469190,An Exploratory Clinical Study of Anti-CD19 CAR NK Cell (KN5501) in the Treatment of Relapsed/Refractory Immune Nephropathy,RECRUITING,EARLY_PHASE1,2024-06-21,ACTUAL,2024-06-21,36,Nephropathy,anti-CD19 CAR NK cells,Changhai Hospital,OTHER,China,False,True,False,False,False,False,,True,2024,2024
NCT06478459,Endoscopic Ultrasound (EUS) Intratumoral Injection of CAR-NK Cells in the Treatment of Advanced Pancreatic Cancer,UNKNOWN,EARLY_PHASE1,2024-06-09,ACTUAL,2024-06-27,20,Pancreatic Cancer Non-resectable,CAR-NK,Zhejiang University,OTHER,China,False,True,False,False,False,False,,True,2024,2024
NCT06503497,A Trail of Second-line Chemotherapy Sequential NKG2D CAR-NK Cell Therapy for Pancreatic Cancer,UNKNOWN,EARLY_PHASE1,2024-07-09,ACTUAL,2024-07-16,30,Pancreatic Cancer Non-resectable,chemotherapy sequential CAR-NK cell infusion,Zhejiang University,OTHER,China,False,True,False,False,False,False,,True,2024,2024
NCT06518668,"A Study of NKX019, a CD19 CAR NK Cell Therapy, in Subjects With Systemic Lupus Erythematosus",ENROLLING_BY_INVITATION,PHASE1,2024-07-01,ACTUAL,2024-07-24,6,Systemic Lupus Erythematosus,NKX019 | Cyclophosphamide LD,"Hospital for Special Surgery, New York",OTHER,United States,False,True,False,False,False,False,,True,2024,2024
NCT06539338,A Study to Investigate Safety of INT2104 Infusions in Participants Aged 18 Years of Age and Older Who Have B-cell Cancers That Came Back After Previous Treatment,ACTIVE_NOT_RECRUITING,PHASE1,2024-09-20,ACTUAL,2024-08-06,10,Lymphomas Non-Hodgkin's B-Cell | Precursor Cell Lymphoblastic Leukemia-Lymphoma,INT2104,"Kite, A Gilead Company",INDUSTRY,Australia | Spain,False,True,False,False,False,False,"INT2104, in vivo lentiviral CAR",False,2024,2024
NCT06557265,A Phase 1/2 Study of NKX019 in Subjects With Autoimmune Disease (Ntrust-1),RECRUITING,PHASE1 | PHASE2,2024-06-13,ACTUAL,2024-08-16,120,Lupus Nephritis | Primary Membranous Nephropathy,"NKX019 | Fludarabine, Cyclophosphamide","Nkarta, Inc.",INDUSTRY,Australia | Puerto Rico | United States,False,True,False,False,False,False,,True,2024,2024
NCT06572956,Clinical Study on the Safety and Efficacy of CAR-T/CAR-NK Cells in the Treatment of Recurrent Refractory or Unresectable Solid Tumors,UNKNOWN,EARLY_PHASE1,2024-03-21,ACTUAL,2024-08-27,10,"Safety and Efficacy of Cellular Drugs, Objective Response Rate of Subjects, Etc",CAR-T/CAR-NK cell injection,The Second Hospital of Shandong University,OTHER,China,False,True,False,False,False,True,,True,2024,2024
NCT06594211,Allogeneic Anti-BCMA/GPRC5D Bispecific CAR-NK Cells (ACT-001) in Patients With Relapsed or Refractorymultiple Myeloma,NOT_YET_RECRUITING,,2024-10-09,ESTIMATED,2024-09-19,18,Multiple Myeloma,ACT-001 CAR-NK cell,RenJi Hospital,OTHER,China,False,True,False,False,False,False,,True,2024,2024
NCT06596057,Safety and Efficacy of CD19 CAR-T/CAR-NK Cells,ACTIVE_NOT_RECRUITING,EARLY_PHASE1,2024-02-10,ACTUAL,2024-09-19,10,Safety and Efficacy,CAR-T/CAR-NK cells,The Second Hospital of Shandong University,OTHER,China,False,True,False,False,False,True,,True,2024,2024
NCT06613490,An Exploratory Clinical Study of CD19 CAR NK Cells for the Treatment of Refractory Antisynthetase Antibody Syndrome and Rheumatoid Arthritis,RECRUITING,EARLY_PHASE1,2025-05-20,ESTIMATED,2024-09-26,24,Antisynthetase Syndrome | Rheumatoid Arthritis,anti CD19 CAR NK cells,The First Affiliated Hospital with Nanjing Medical University,OTHER,China,False,True,False,False,False,False,,True,2025,2024
NCT06614270,Anti-CD19 IL-10/IL15 CAR-NK Cells in Refractory/Relapsed Autoimmune Diseases,RECRUITING,,2025-01-06,ACTUAL,2024-09-26,15,Systemic Sclerosis (SSc) | ANCA Associated Vasculitis (AAV) | Idiopathic Inflammatory Myopathy (IIM) | Sjogren&#39;s Syndrome | Antiphospholipid Syndrome | Systemic Lupus Erythematosus,Anti-CD19 IL-10/IL15 CAR-NK,"Second Affiliated Hospital, Zhejiang University, School of Medicine",OTHER,China,False,True,False,False,False,False,,True,2025,2024
NCT06622694,CD7 CAR T Cells (RD13-02) in the Treatment of Relapsed/Refractory Severe Aplastic Anemia,RECRUITING,PHASE1,2025-06-19,ACTUAL,2024-10-02,15,Severe Aplastic Anemia | Relapse | Refractory | CAR T-cell Therapy,RD13-02,"Institute of Hematology & Blood Diseases Hospital, China",OTHER,China,False,False,False,False,True,True,,False,2025,2024
NCT06631040,Cell Therapy with Anti-CD19 CAR-NK Cells in Patients with Relapsed or Resistant B-ALL,NOT_YET_RECRUITING,PHASE1 | PHASE2,2024-12-19,ESTIMATED,2024-10-08,10,Acute Lymphocytic Leukemia in Relapse,anti CD19 CAR NK cells,Shahid Beheshti University of Medical Sciences,OTHER,Iran,False,True,False,False,False,False,,True,2024,2024
NCT06643221,Exercise as an Immune Adjuvant for Allogeneic Cell Therapies,RECRUITING,EARLY_PHASE1,2018-01-24,ACTUAL,2024-10-16,200,Leukemia | Hematopoetic Stem Cell Transplantation | Donor Lymphocyte Infusion | CAR T-Cell Therapy | Lymphoma | Cell Therapy,"Exercise | Isoproterenol | Placebo | Bisoprolol Fumarate Tablet 10 mg | Nadolol (1 x 80 mg) Tablets (Invamed, Inc) | Carvedilol 50 mg | Roflumilast 500 Mcg Oral Tablet",University of Arizona,OTHER,United States,False,False,False,False,False,False,,False,2018,2024
NCT06652243,Clinical Study of SN301A Injection in the Treatment of Hepatocellular Carcinoma,RECRUITING,EARLY_PHASE1,2024-11-18,ACTUAL,2024-10-22,12,Hepatocellular Carcinoma (HCC),SN301A,"Shanghai General Hospital, Shanghai Jiao Tong University School of Medicine",OTHER,China,False,True,False,False,False,False,,True,2024,2024
NCT06690827,Clinical Trial of CD123-targeted CAR-NK Therapy for Relapse/Refractory AML or BPDCN,RECRUITING,PHASE1,2024-12-12,ACTUAL,2024-11-15,30,AML (Acute Myeloid Leukemia) | BPDCN (Blastic Plasmacytoid Dendritic Cell Neoplasm),Anti-CD123 CAR NK cells,"Chongqing Precision Biotech Co., Ltd",INDUSTRY,China,False,True,False,False,False,False,,True,2024,2024
NCT06696846,CD70-CAR-NK Cell Therapy for T Cell Lymphoma and Acute Myeloid Leukemia,RECRUITING,PHASE1,2024-12-01,ACTUAL,2024-11-20,25,Relapsed/Refractory T-cell Lymphoma | Relapsed/Refractory Acute Myeloid Leukemia,CD70 CAR-NK,"Second Affiliated Hospital, Zhejiang University, School of Medicine",OTHER,China,False,True,False,False,False,False,,True,2024,2024
NCT06699771,"Phase 1 to Investigate the Safety, Tolerability, and Efficacy of GCC2005 in Patients With R/R NK and T-cell Malignancies",RECRUITING,PHASE1,2025-03-07,ACTUAL,2024-11-21,53,"Lymphoma, T-Cell",GCC2005 | Cyclophosphamide | Fludarabine,GC Cell Corporation,INDUSTRY,South Korea,False,True,False,False,False,False,,True,2025,2024
NCT06707259,Clinical Study of Cord Blood-derived IL-10/IL-15 CD19-CAR NK in the Treatment of Refractory/Relapsed B-cell NHL,RECRUITING,PHASE1,2024-12-01,ACTUAL,2024-11-27,24,B-cell Non Hodgkin Lymphoma,anti-CD19 IL10/IL15 CAR-NK,"Second Affiliated Hospital, Zhejiang University, School of Medicine",OTHER,China,False,True,False,False,False,False,,True,2024,2024
NCT06708936,KSD-201 Treatment for Advanced Clear Cell Renal Cell Carcinoma: an Early Exploratory Clinical Study,WITHDRAWN,EARLY_PHASE1,2026-03-01,ACTUAL,2024-11-29,0,Clear Cell Renal Cell Carcinoma (ccRCC),KSD-201,"Kousai Bio Co., Ltd.",OTHER,China,False,False,False,False,False,False,,False,2026,2024
NCT06709469,"Phase I Clinical Trial of CART Cell Therapy for Refractory/Relapsed Acute Lymphoblastic Leukemia in Children, Adolescents and Young Adults",RECRUITING,PHASE1,2025-07-08,ACTUAL,2024-11-29,10,Precursor Cell Lymphoblastic Leukemia-Lymphoma,Autologous CD19/CD22 CAR T cells | Allogeneic CART-NKG2D cells,Instituto de Investigación Hospital Universitario La Paz,OTHER,Spain,False,False,False,False,True,True,,False,2025,2024
NCT06727383,CAR-NK Cells Production and Expansion From Patients With Lympho or Myeloproliferative Disorders and From Healthy Donors,UNKNOWN,,2022-12-21,ACTUAL,2024-12-10,140,Healthy Donors | Myeloproliferative Diseases | Lymphoproliferative Disorders,peripheral blood collection | leukapheresis,European Institute of Oncology,OTHER,Italy,False,True,False,False,False,False,,True,2022,2024
NCT06732492,RD13-02 Cell Injection in Patients with Relapsed or Refractory CD7-Positive Natural Killer/T Cell Malignancies,RECRUITING,PHASE1,2024-10-31,ACTUAL,2024-12-13,10,NK T-Cell Lymphoma | CART Therapy | CD7-positive Relapsed/Refractory Lymphoid Hematologic Malignancies,RD13-02 cell infusion,"Union Hospital, Tongji Medical College, Huazhong University of Science and Technology",OTHER,China,False,True,False,False,True,True,,False,2024,2024
NCT06733935,A Phase 1/2 Study of NKX019 in Subjects With Immune-Mediated Diseases (Ntrust-2),RECRUITING,PHASE1 | PHASE2,2024-11-04,ACTUAL,2024-12-13,240,Systemic Sclerosis | Idiopathic Inflammatory Myopathies | Antineutrophil Cytoplasmic Antibody-Associated Vasculitis | Rheumatoid Arthritis,NKX019 | Fludarabine | Cyclophosphamide,"Nkarta, Inc.",INDUSTRY,Australia | Puerto Rico | United States,False,True,False,False,False,False,,True,2024,2024
NCT06743503,UB-VV400 in Combination With Rapamycin in Relapsed or Refractory B-cell Malignancies,RECRUITING,PHASE1,2025-04-11,ACTUAL,2024-12-20,70,Large B-cell Lymphoma,UB-VV400 | Rapamycin,"Nanjing IASO Biotechnology Co., Ltd.",INDUSTRY,China,False,False,False,False,False,False,,False,2025,2024
NCT06752473,KSD-101 Therapy for Standard Treatment Failed EBV-associated Nasopharyngeal Carcinoma: an Exploratory Clinical Trial,NOT_YET_RECRUITING,EARLY_PHASE1,2025-01-31,ESTIMATED,2024-12-30,10,Nasopharyngeal Carcinoma (NPC) | EBV,KSD-101,"Kousai Bio Co., Ltd.",OTHER,,False,False,False,False,False,False,,False,2025,2024
NCT06773091,A Phase I Study of NK042 Cell Injection in Advanced Solid Tumors,RECRUITING,PHASE1,2025-02-07,ACTUAL,2025-01-14,76,Advanced Solid Tumors,NK042 | Fludarabine (FLU) | Cyclophosphamide (CTX),"Shanghai NK Cell Technology Co., LTD",INDUSTRY,China,False,False,False,False,False,False,,False,2025,2025
NCT06792799,Anti-CD19/BCMA CAR-NK Cells in Patients With B Cell Mediated Autoimmune Disease,RECRUITING,EARLY_PHASE1,2025-01-30,ACTUAL,2025-01-27,36,Autoimmune Diseases | Systemic Lupus Erthematosus | Multi-Drug Resistant Nephrotic Syndrome | IgAN - IgA Nephropathy,anti-CD19/BCMA CAR NK cells (KN5601),The Children's Hospital of Zhejiang University School of Medicine,OTHER,China,False,True,False,False,False,False,,True,2025,2025
NCT06816823,CAR-NK Cells (CL-NK-001) in Pancreatic Cancer,RECRUITING,PHASE1,2025-04-07,ACTUAL,2025-02-10,30,Pancreatic Cancer,CL-NK-001,Changhai Hospital,OTHER,China,False,True,False,False,False,False,,True,2025,2025
NCT06827782,Cord Blood-derived CAR-NK Cells Targeting CD19 for Refractory/Relapsed Central Nervous System Lymphoma,ENROLLING_BY_INVITATION,PHASE1,2025-03-01,ACTUAL,2025-02-14,42,Refractory/Recurrent Central Nervous System Lymphoma,anti-CD19 CAR-NK cells,"Second Affiliated Hospital, Zhejiang University, School of Medicine",OTHER,China,False,True,False,False,False,False,,True,2025,2025
NCT06849401,The Safety and Efficacy of VGO-Cs01p in Patients With CD7-positive Relapsed/Refractory Acute T-lymphoblastic Leukemia,NOT_YET_RECRUITING,EARLY_PHASE1,2025-07,ESTIMATED,2025-02-27,9,T-ALL,VGO-Cs01p,Shanghai Jiao Tong University School of Medicine,OTHER,,False,True,False,False,False,False,,True,2025,2025
NCT06856278,Clinical Study of NKG2D CAR-NK Combined with PD-1 Monoclonal Antibody in the Treatment of ATC,NOT_YET_RECRUITING,PHASE1 | PHASE2,2025-02-22,ESTIMATED,2025-03-04,30,Anaplastic Throid Carcinoma,NKG2D CAR-NK with PD-1 Antibody,Zhejiang Provincial People's Hospital,OTHER,China,False,True,False,False,False,False,,True,2025,2025
NCT06909474,Clinical Trial of CD5-targeted CAR-NK Therapy for Relapse/Refractory T-Cell Hematologic Malignancies,RECRUITING,PHASE1,2025-03-27,ACTUAL,2025-04-03,15,T-ALL/Lymphoma,Anti-CD5 CAR NK cells,"Chongqing Precision Biotech Co., Ltd",INDUSTRY,China,False,True,False,False,False,False,,True,2025,2025
NCT06926985,An Exploratory Clinical Study of Anti-CD19/BCMA Chimeric Antigen Receptor NK Cell Injection in the Treatment of IgA Nephropathy,WITHDRAWN,EARLY_PHASE1,2025-07-30,ESTIMATED,2025-04-15,0,IgA Nephropathy (IgAN),anti-CD19/BCMA CAR NK cells,Jieyang People's Hospital,OTHER,China,False,True,False,False,False,False,,True,2025,2025
NCT06930651,A Phase I/II Study of CAR.70-Engineered IL15-Transduced Cord Blood-Derived NK Cells With TGF-beta Receptor 2 (TGFBR2) Knock Out in Conjunction With Lymphodepleting Chemotherapy for the Management of Relapsed/Refractory Myeloid Malignancies,RECRUITING,PHASE1 | PHASE2,2025-09-03,ACTUAL,2025-04-16,42,Myeloid Malignancies,Dexamethasone | Cyclophosphamide | Fludarabine | Decitabine | TGFBR2 KO CAR27/IL-15 NK cells,M.D. Anderson Cancer Center,OTHER,United States,False,True,False,False,False,False,,True,2025,2025
NCT06967038,Chimeric Antigen Receptor Natural Killer Cell Therapy for High-risk Lymphoma Patients With Primary Sjogren's Syndrome,RECRUITING,PHASE1 | PHASE2,2025-02-28,ACTUAL,2025-05-13,6,Primary Sjogren's Syndrome | Lymphoma,CAR-NK cell,Bangdong Gong,OTHER,China,False,True,False,False,False,False,,True,2025,2025
NCT07021534,Hepatic Artery Transfusion of NKG2D CAR-NK Cells Followed by Intravenous Infusion of NKG2D CAR-T Cells to Treat Patients With Advanced Solid Tumors With Liver Metastases Who Have Failed Standard Treatments: a Phase I Exploratory Clinical Trial,RECRUITING,PHASE1,2025-06-10,ESTIMATED,2025-06-15,12,Patients With Advanced Solid Tumors With Liver Metastases Who Have Failed Standard Treatments,NKG2D CAR NK and NKG2D CAR T cells,Zhejiang University,OTHER,China,False,True,False,False,False,True,,True,2025,2025
NCT07026942,Phase I/II Clinical Trial of Universal Donor CD33 CAR Natural Killer Cells for AML,NOT_YET_RECRUITING,PHASE1 | PHASE2,2026-04-01,ESTIMATED,2025-06-18,42,Relapsed/Refractory AML,Universal donor derived CD33 CAR-NK,Nationwide Children's Hospital,OTHER,United States,False,True,False,False,False,False,,True,2026,2025
NCT07031011,PD-1-M1-NK Cells in the Treatment of Advanced Gastric or Colorectal Cancer,NOT_YET_RECRUITING,PHASE1,2025-06-30,ESTIMATED,2025-06-22,22,Advanced Gastric or Colorectal Cancer,PD-1-M1-NK Cells,jiuwei cui,OTHER,China,False,True,False,False,False,False,,True,2025,2025
NCT07072234,Phase I Study of Allogeneic Transforming Growth Factor-beta Receptor Type 2 Knockout CD70 CAR NK Cells in Treatment Refractory Clear Cell Renal Cell Carcinoma,RECRUITING,PHASE1,2025-09-25,ACTUAL,2025-07-18,30,Clear Cell Carcinoma | Phase 1 | Growth Factor,Lymphodepleting chemotherapy | Dexamethasone | Fludarabine | Cyclophosphamate | TGFBR-2 KO CD70 CAR NK,M.D. Anderson Cancer Center,OTHER,United States,False,True,False,False,False,False,,True,2025,2025
NCT07087847,Ex Vivo T-Cell-Depleted Haploidentical Transplantation Bridging With Chimeric Antigen Receptor T-cell Therapy and Prophylactic Memory T Cell Infusion for Acute Leukemia,NOT_YET_RECRUITING,,2025-09-01,ESTIMATED,2025-07-28,18,Acute Leukemia | Acute Leukemia Refractory | Acute Myeloid Leukemia (AML) | ALL (Acute B-Lymphoblastic Leukemia) | Acute Leukemia in Relapse,TCRαβ+/CD45RA+depleted haploidentical hematopoietic stem cell transplantation (haplo-HSCT),Ruijin Hospital,OTHER,China,False,False,False,False,True,True,,False,2025,2025
NCT07095075,A Study of LUCAR-DKS1 in Subjects With Relapsed/Refractory Autoimmune Diseases,RECRUITING,EARLY_PHASE1,2025-10-14,ACTUAL,2025-07-31,36,Relapsed/Refractory Autoimmune Diseases,LUCAR-DKS1 NK cells,Nanjing Legend Biotech Co.,INDUSTRY,China,False,True,False,False,False,False,,True,2025,2025
NCT07101432,Phase I Study of Preconditioning Radiation Therapy With IL-15 Transduced TGFBR2 KO CAR.TROP2-engineered Cord Blood-derived NK Cells in Patients With Advanced Head and Neck Cancer (RADIANCE-NK),RECRUITING,PHASE1,2025-12-19,ACTUAL,2025-08-03,33,Head and Neck Cancer,Fludarabine | Cyclophosphamide,M.D. Anderson Cancer Center,OTHER,United States,False,True,False,False,False,False,,True,2025,2025
NCT07117175,A Clinical Study to Evaluate the Safety and Efficacy of Anti-human CD 7 CAR-NK Cell Injection in Subjects With Relapsed and Refractory CD7-positive Hematological Malignancy,NOT_YET_RECRUITING,EARLY_PHASE1,2025-09-01,ESTIMATED,2025-08-12,18,Immunology | Hematologic Malignancies | CAR-NK,Anti-human CD7 CAR-NK cell injection,"Shanghai General Hospital, Shanghai Jiao Tong University School of Medicine",OTHER,China,False,True,False,False,False,False,,True,2025,2025
NCT07131254,A Clinical Study Evaluating the Safety and Efficacy of GT719 Universal Cell Injection in Adult Participants With Relapsed/Refractory CD19-positive B-cell Malignant Hematological Tumors,RECRUITING,EARLY_PHASE1,2025-03-10,ACTUAL,2025-08-20,34,Hematological Malignancy (Leukemia- Lymphoma),GT719 Injection,Grit Biotechnology,INDUSTRY,China,False,False,False,False,False,False,,False,2025,2025
NCT07137481,Phase II Study of CD5 CAR Engineered IL15-transduced Cord Blood-derived NK Cells in Conjunction With Lymphodepleting Chemotherapy for the Management of Aggressive T Cell Hematological Malignancies,NOT_YET_RECRUITING,PHASE2,2027-02-28,ESTIMATED,2025-08-22,70,Hematological Malignancies,C9/CD5CAR/IL-15 NK cells | Rituximab | Fludarabine | Cyclophosphamide,M.D. Anderson Cancer Center,OTHER,United States,False,True,False,False,False,False,,True,2027,2025
NCT07144462,"A Study to Evaluate the Safety, Tolerability, and Preliminary Efficacy of NEUK203-215 Injection in Adult Chinese Patients With Relapsed/Refractory Autoimmune Diseases",RECRUITING,EARLY_PHASE1,2025-09-04,ACTUAL,2025-08-27,8,Autoimmune,Fludarabine | Cyclophosphamide (C) | NEUK203-215 Injection,"Neukio Biotherapeutics (Shanghai) Co., Ltd.",INDUSTRY,China,False,True,False,False,False,False,,True,2025,2025
NCT07148791,Exploratory Study of Anti-BCMA-CD19 CAR-T Cell Therapy in Relapsed or Refractory IgG4-Related Disease,RECRUITING,PHASE2,2025-09-05,ESTIMATED,2025-08-29,9,IgG4 Related Disease | B-cell Mediated Autoimmune Disorders,Anti-BCMA-CD19 CAR-T cells,Chinese PLA General Hospital,OTHER,China,False,False,False,False,True,True,,False,2025,2025
NCT07156045,Study of Allogeneic Anti-PSMA CAR-NK Cell for Metastatic Castration-Resistant Prostate Cancer,RECRUITING,EARLY_PHASE1,2025-09-01,ACTUAL,2025-09-04,10,Prostate Cancer Castration-resistant Prostate Cancer,anti-PSMA CAR-NK,"Cancer Institute and Hospital, Chinese Academy of Medical Sciences",OTHER,China,False,True,False,False,False,False,,True,2025,2025
NCT07164469,Phase 2 Trial of CD70.CAR NK Cells for Patients With Primary Refractory or Early Relapsed Diffuse Large B-Cell Lymphoma and Hodgkin Lymphoma,NOT_YET_RECRUITING,PHASE2,2026-12-28,ESTIMATED,2025-09-10,100,Large B-cell Lymphoma | Hodgkin Lymphoma,Fludarabine | Cyclophosphamide | CD70.CAR NK Cells | Rimiducid (AP1903),M.D. Anderson Cancer Center,OTHER,United States,False,True,False,False,False,False,,True,2026,2025
NCT07164560,Exploratory Study of Umbilical Cord Blood-Derived CAR-NK Cell Therapy Targeting TRBC1/2 for Relapsed/Refractory T-Cell Lymphoma,RECRUITING,PHASE1,2026-04-01,ESTIMATED,2025-09-10,45,Refractory/Recurrent Peripheral T-cell Lymphoma,Anti-TRBC1 CAR-T cells,"Second Affiliated Hospital, Zhejiang University, School of Medicine",OTHER,China,False,True,False,False,False,True,,True,2026,2025
NCT07169500,Clinical Study on the Safety and Efficacy of BCMA-CART±ASCT in Treating Young Multiple Myeloma Patients,RECRUITING,PHASE1 | PHASE2,2025-03-03,ACTUAL,2025-09-11,50,Multiple Myeloma,CAR-T,"Institute of Hematology & Blood Diseases Hospital, China",OTHER,China,False,False,False,False,True,True,,False,2025,2025
NCT07172412,"Open-Label, Biomarker-Integrated Umbrella Trial for First-Line Treatment of Extensive-stage Small Cell Lung Cancer",NOT_YET_RECRUITING,PHASE2,2025-11,ESTIMATED,2025-09-15,165,Extensive Stage Lung Small Cell Cancer,Selinexor | Anlotinib | DLL3 CAR-NK cells | Etoposide + Cisplatin/Carboplatin | Tislelizumab/Atezolizumab/ Durvalumab/Benmelstobart/Toripalimab/Serplulimab,Tianjin Medical University Cancer Institute and Hospital,OTHER,China,False,True,False,False,False,False,,True,2025,2025
NCT07211737,NKG2D.Zeta-NK Cell Conditioning With C7R.GD2.CAR-T Cells for Patients With Relapsed or Refractory Osteosarcoma or Neuroblastoma,RECRUITING,PHASE1,2026-07-15,ACTUAL,2025-10-08,27,Relapsed Neuroblastoma | Refractory Neuroblastoma | Relapsed Osteosarcoma | Refractory Osteosarcoma,i15.NKG2D.zeta NK cells and C7R.GD2.CARTs cells | i15.NKG2D.zeta NK cells and C7R.GD2.CARTs cells | i15.NKG2D.zeta NK cells and C7R.GD2.CARTs cells,Baylor College of Medicine,OTHER,United States,False,True,False,False,False,True,NKG2D.zeta CAR-NK + GD2 CAR-T combination,True,2026,2025
NCT07243366,Allogeneic CD19-CAR-NK Cells in Patients With Refractory Myasthenia Gravis,NOT_YET_RECRUITING,EARLY_PHASE1,2025-11-25,ESTIMATED,2025-11-21,15,Refractory Myasthenia Gravis,CD19-CAR-NK Cells Injection,"Guangdong ProCapZoom Biosciences Co., Ltd.",INDUSTRY,,False,True,False,False,False,False,,True,2025,2025
NCT07250386,A Study of CEA-Targeted CAR-T Therapy in Patients With CEA-Positive Advanced Solid Tumors,RECRUITING,PHASE1,2025-10-13,ACTUAL,2025-11-26,48,NSCLC (Advanced Non-small Cell Lung Cancer) | Breast Cancer,CEA-targeted CAR-T (Intravenous) | CEA-targeted CAR-T (Intrapleural),"Second Affiliated Hospital, Zhejiang University, School of Medicine",OTHER,China,False,False,False,False,True,True,,False,2025,2025
NCT07254754,Study to Evaluate the Efficacy of Axicabtagene Ciloleucel in Patients With Late Relapse of Diffuse Large B-Cell Lymphoma,RECRUITING,PHASE2,2024-11-20,ACTUAL,2025-11-28,45,DIFFUSE LARGE B-CELL LYMPHOMA,Axicabtagene Ciloleucel,Grupo Español de Linfomas y Transplante Autólogo de Médula Ósea,OTHER,Spain,False,False,False,False,False,False,,False,2024,2025
NCT07283315,Exploratory Clinical Study of Second-generation CD19/BCMA Chimeric Antigen Receptor NK Cell Injection in Treating Paediatric B Cell-related Autoimmune Diseases,RECRUITING,EARLY_PHASE1,2025-12-03,ACTUAL,2025-12-15,12,Paediatric B Cell-related Autoimmune Diseases | Autoimmune Diseases | CAR,anti-CD19/BCMA CAR NK cells (KN5601-K),The Children's Hospital of Zhejiang University School of Medicine,OTHER,China,False,True,False,False,False,False,,True,2025,2025
NCT07284433,"Study of Allo-QuadCAR01-T, an Allogeneic CAR-T Targeting CD19/CD20, in Patients With Relapsed or Refractory B-Cell Malignancies",RECRUITING,PHASE1 | PHASE2,2026-01-06,ACTUAL,2025-12-16,178,Lymphoma Diffuse Large B-cell | Leukemia and Lymphoma | Leukemia Relapse | Lymphoma Receiving CAR-T Therapy,"Cyclophosphamide (Non-IMP, Lymphodepletion) | Fludarabine (Non-IMP, Lymphodepletion) | Allo-QuadCAR01-T","AvenCell Therapeutics, Inc.",INDUSTRY,Germany | United States,False,False,False,False,True,True,,False,2026,2025
NCT07298239,An Exploratory Clinical Study Evaluating the Safety and Efficacy of Allogeneic CAR-NK Cell Therapy for Metastatic Castration-resistant Prostate Cancer (mCRPC),RECRUITING,EARLY_PHASE1,2025-12-18,ACTUAL,2025-12-23,15,Prostate Cancer Castration-resistant Prostate Cancer,anti-PSMA CAR-NK,"Cancer Institute and Hospital, Chinese Academy of Medical Sciences",OTHER,China,False,True,False,False,False,False,,True,2025,2025
NCT07298590,An Exploratory Clinical Study on the Safety and Efficacy of CD19/BCMA CAR-NK in the Treatment of Relapsed and Refractory IgG4-related Disease,NOT_YET_RECRUITING,EARLY_PHASE1,2025-12-30,ESTIMATED,2025-12-23,18,IgG4 Related Disease,CD19/BCMA CAR NK,Changhai Hospital,OTHER,China,False,True,False,False,False,False,,True,2025,2025
NCT07307053,Rare Tumor Focused Platform Study of Innovative Therapies and Technologies (PLATFORM2),NOT_YET_RECRUITING,PHASE1 | PHASE2,2026-01-01,ESTIMATED,2025-12-29,600,Rare Malignant Neoplasm | Advanced Solid Tumors | Metastatic Solid Tumors,BL-B01D1 | VSV injection | CVL006 | IDOV-SAFE | KXV01 TCR Lentinvivo Injection | MT027 | QH101 | Meta10-TIL | TAEST1901 | TC-N201 | NK510 | CE120 | GV20-0251 | LYC001 | YSCH-01 | BMD006 | CREPT-618 | PRG2505 | IBI363 | YL-201,"Cancer Institute and Hospital, Chinese Academy of Medical Sciences",OTHER,,False,False,False,False,True,True,,False,2026,2025
NCT07333118,A Clinical Study to Evaluate the Safety and Efficacy of GT801 Injection in the Treatment of Moderate-to-Severe Refractory Autoimmune Diseases,RECRUITING,EARLY_PHASE1,2025-11-07,ACTUAL,2026-01-12,22,Moderate to Severe Refractory Autoimmune Disease,GT801 Injection,Grit Biotechnology,INDUSTRY,China,False,False,False,False,False,False,,False,2025,2026
NCT07333820,Clinical Study to Evaluate the Safety and Anti-Tumor Activity of AB-201,NOT_YET_RECRUITING,PHASE1,2026-02,ESTIMATED,2026-01-12,18,"Malignant Neoplasm of Stomach, Unspecified",AB-201 Dose escalation,Yonsei University,OTHER,South Korea,False,True,False,False,False,False,,True,2026,2026
NCT07349836,Application of mRNA Immunotherapy Technology in EB Virus Related Diseases,NOT_YET_RECRUITING,EARLY_PHASE1,2026-01-10,ESTIMATED,2026-01-20,40,EBV-associated Tumors,WGc-043 injection | Immune Checkpoint Inhibitors | Standard therapy,Xinqiao Hospital of Chongqing,OTHER,,False,False,False,False,False,False,,False,2026,2026
NCT07358988,KN5501 Cell Injection for Refractory SLE(CLEAR),NOT_YET_RECRUITING,PHASE1,2026-01,ESTIMATED,2026-01-22,36,Systemic Lupus Erthematosus (SLE),KN5501 cell injection,"Ruitherapeutics Co., LTD",INDUSTRY,China,False,True,False,False,False,False,,True,2026,2026
NCT07366658,"Safety, Tolerability and Preliminary Efficacy of NEUK203-13 in Refractory Neuroendocrine Tumor Patients",RECRUITING,PHASE1,2026-02-20,ACTUAL,2026-01-26,9,"SCLC, Extensive Stage | Neuroendocrine Tumors","Biological/Vaccine: NK Cell Therapy Product Derived from Induced Pluripotent Stem Cells (iPSCs) Engineered with Anti-DLL3 CAR Construct, Followed by Differentiation and Expansion","Cancer Institute and Hospital, Chinese Academy of Medical Sciences",OTHER,China,False,True,False,False,False,False,,True,2026,2026
NCT07377526,TROP2 CAREngineered Cord Blood-Derived NK Cells + Belzutifan In Pancreatic Cancer,SUSPENDED,PHASE1 | PHASE2,2026-05-26,ACTUAL,2026-01-30,37,Pancreatic Cancer,TGFBR2 KO CAR27/IL-15 NK cells,M.D. Anderson Cancer Center,OTHER,United States,False,True,False,False,False,False,,True,2026,2026
NCT07382817,Phase 1 Study of JV-394 Autologous Anti-CD94 CAR T for r/r CD94+ T/NK Cell Neoplasms,RECRUITING,PHASE1,2026-02-18,ACTUAL,2026-02-03,33,Neoplasms,JV-394,M.D. Anderson Cancer Center,OTHER,United States,False,True,False,False,False,True,,True,2026,2026
NCT07389499,A Clinical Study Evaluating the Safety and Efficacy of GT719 Universal Cell Injection in the Treatment of Immune-mediated Kidney Diseases,NOT_YET_RECRUITING,EARLY_PHASE1,2027-08,ESTIMATED,2026-02-05,30,IgA Nephropathy (IgAN) | Membranous Nephropathy | ANCA-associated Vasculitis (AAV)/ANCA-associated Glomerulonephritis (AAGN) | Refractory Podocytopathy | Proliferative Glomerulonephritis With Monoclonal Immunoglobulin Deposits,CD19-targeted iNKT Cell Injection,Grit Biotechnology,INDUSTRY,China,False,False,False,True,False,False,,False,2027,2026
NCT07410494,Biomarker-Guided Allogeneic Single-Target or Dual-Target CAR-NK Cell Therapy for Advanced Solid Tumors,RECRUITING,PHASE1 | PHASE2,2026-02-01,ACTUAL,2026-02-13,85,"Cancer | Breast Cancer | Non-Small Cell Lung Cancer (NSCLC) | Colorectal Cancer (Locally Advanced or Metastatic) | Prostate Cancer - Recurrent | Pancreatic Ductal Adenocarcinoma (PDAC) | Ovarian Cancer | Glioblastoma | Melanoma (Skin Cancer) | Acute Myeloid Leukemia (AML) | Non Hodgkin Lymphoma | Multiple Myeloma (MM), Lymphoma, Large B-Cell, Diffuse (DLBCL), Lymphoma | Liver Cancer",EB-SELECT Single-Target CAR-NK Cells | Dual-Target Antigen-Selected CAR-NK,Essen Biotech,OTHER,China,False,True,False,False,False,False,,True,2026,2026
NCT07410676,EBNK-001 Allogeneic NK Cells With Low-Dose IL-15 ± Pembrolizumab in Advanced Solid Tumors,RECRUITING,PHASE1 | PHASE2,2026-02-01,ACTUAL,2026-02-13,83,Cancer | Sarcoma | Leukaemia | Breast Cancer (Locally Advanced or Metastatic) | Lung Cancer (Diagnosis) | Colorectal Cancer | Melanoma (Skin Cancer) | Bladder Cancer | Kidney Cancer | Pancreatic Cancer Metastatic | Liver Cancer (Primary and Metastatic) | Ovarian Cancer | Esophageal Cancer | Glioblastoma | Non-Melanoma Skin Cancer,EBNK-001 + IL-15 + Pembrolizumab,Essen Biotech,OTHER,China,False,False,False,False,False,False,,False,2026,2026
NCT07411599,"Dual Administration Of Intraperitoneal And Intravenous TROP2-Directed CAR-NK With TGF-Beta Receptor 2 (TGFBR2) Knock Out (KO) Therapy For Colorectal Cancer-Related Peritoneal Carcinomatosis: A Phase 1/2 Trial (""Chip-CRC Trial"")",RECRUITING,PHASE1 | PHASE2,2026-04-20,ACTUAL,2026-02-17,28,Colorectal Cancer | Peritoneal Metastases | Carcinomatosis,Cyclophosphamide | Fludarabine | Cetuximab | NK Cells,M.D. Anderson Cancer Center,OTHER,United States,False,True,False,False,False,False,,True,2026,2026
NCT07412210,Safety and Efficacy of ES-NK Cell Injection in the Treatment of Refractory Lupus Nephritis: an Early Clinical Study,NOT_YET_RECRUITING,EARLY_PHASE1,2026-04,ESTIMATED,2026-02-17,9,Systemic Lupus Erythenlatosus Nephritis,AXA-NK02,Shanghai Jiao Tong University School of Medicine,OTHER,,False,False,False,False,False,False,,False,2026,2026
NCT07425483,CAR-NK Cells (CL-NK-003) in Pancreatic Cancer,RECRUITING,PHASE1,2026-02-12,ACTUAL,2026-02-23,9,Pancreatic Cancer,CL-NK-003,Changhai Hospital,OTHER,China,False,True,False,False,False,False,,True,2026,2026
NCT07444632,Phase1 Basket Trial Of CAR.70-Engineered IL15-Transduced With TGFBR2 Knock Out Cord Blood-Derived NK Cells For Relapsed/Refractory Lymphoid Malignancies,RECRUITING,PHASE1,2026-05-28,ACTUAL,2026-03-03,60,Lymphoid | Hodgkin Lymphoma,Fludarabine | TGFBR2 KO CAR27/IL-15 NK cells | Cyclophosphamide,M.D. Anderson Cancer Center,OTHER,United States,False,False,False,False,False,False,,False,2026,2026
NCT07454122,CD5CAR-NK Cells for Refractory Invasive Mold Disease,NOT_YET_RECRUITING,PHASE1,2026-05,ESTIMATED,2026-03-06,10,Fungal Infection,CD5CAR-CBNK,Fundacion Clinic per a la Recerca Biomédica,OTHER,Spain,False,True,False,False,False,False,,True,2026,2026
NCT07456371,PIC1 Injection Therapy for Relapsed/Refractory B-NHL,RECRUITING,PHASE1,2026-03,ESTIMATED,2026-03-06,18,Non-Hodgkin Lymphoma,PIC1 Injection,"Chongqing Precision Biotech Co., Ltd",INDUSTRY,China,False,False,False,False,False,False,,False,2026,2026
NCT07462650,Dual-Target CAR-NK Cells for Biomarker-Selected Advanced Colorectal Cancer,RECRUITING,PHASE1 | PHASE2,2026-02-01,ACTUAL,2026-03-10,48,Colorectal Cancer Metastatic | Adenocarcinoma of Colon,EB-DUO-CAR-NK-CEA/GCC (IV),Beijing Biotech,INDUSTRY,China,False,True,False,False,False,False,,True,2026,2026
NCT07467863,"Dual-Target CAR-NK Cells Directed Against MSLN, EGFR, or HER2 in Advanced NSCLC",RECRUITING,PHASE1 | PHASE2,2026-02-02,ACTUAL,2026-03-12,48,Non-Small Cell Lung Cancer | Advanced/Metastatic NSCLC,Dual-target CAR-NK cells | Lymphodepleting chemotherapy | Supportive Care,Beijing Biotech,INDUSTRY,China,False,True,False,False,False,False,,True,2026,2026
NCT07470073,"A Clinical Study Exploring the Safety, Efficacy and Cell Metabolic Kinetics of Universal Car-t Cell Injection in CD19 and / or CD20 Positive Relapsed / Refractory B-cell Acute Lymphoblastic Leukemia in Adolescents, Children and Adults",RECRUITING,EARLY_PHASE1,2026-04-01,ESTIMATED,2026-03-13,18,ALL (Acute B-Lymphoblastic Leukemia),CT1190B cell injection,"Union Hospital, Tongji Medical College, Huazhong University of Science and Technology",OTHER,China,False,False,False,False,True,True,,False,2026,2026
NCT07476066,Clinical Study of SYS6055 Injection in Participants With Relapsed/Refractory Aggressive B-Cell Lymphoma,NOT_YET_RECRUITING,PHASE1 | PHASE2,2026-03-15,ESTIMATED,2026-03-17,374,Relapsed/Refractory Aggressive B-Cell Lymphoma,SYS6055,"Beijing Kangchuanglian Biopharmaceutical Technology Research Co., Ltd",NETWORK,,False,False,False,False,False,False,,False,2026,2026
NCT07480213,Adaptive Phase 1/2 Study of Dual-Target CAR-NK Cells in Relapsed/Refractory Small Cell Lung Cancer (SCLC),RECRUITING,PHASE1 | PHASE2,2026-02-02,ACTUAL,2026-03-18,60,"Small Cell Lung Cancer (SCLC) | Relapsed/Refractory SCLC | SCLC, Extensive Stage",EB-DART-NK01 (DLL3/CD56 CAR-NK cells) | Lymphodepleting chemotherapy,Beijing Biotech,INDUSTRY,China,False,True,False,False,False,False,,True,2026,2026
NCT07480928,Dual-Targeting CAR-NK Cells Targeting Mesothelin (MSLN) and MUC1 in Advanced Pancreatic Ductal Adenocarcinoma,RECRUITING,PHASE1 | PHASE2,2026-02-02,ACTUAL,2026-03-18,42,Pancreatic Ductal Adenocarcinoma (PDAC) | Unresectable Locally Advanced or Metastatic Disease,EB-DNK101 dual-targeting CAR-NK cells (MSLN + MUC1) | EB-DNK102 dual-targeting CAR-NK cells (CLDN18.2 + MUC1) | Lymphodepleting chemotherapy (Flu/Cy),Beijing Biotech,INDUSTRY,China,False,True,False,False,False,False,,True,2026,2026
NCT07480941,Dual-Targeting CAR-NK Cells for Recurrent/Progressive Glioblastoma and High-Grade Glioma,RECRUITING,PHASE1,2026-02-02,ACTUAL,2026-03-18,36,Glioblastoma | High-grade Glioma | Malignant Glioma | Recurrent Glioblastoma | Recurrent High-grade Glioma,Dual-target CAR-NK cells | Cyclophosphamide | Fludarabine | Intracranial catheter/reservoir for locoregional delivery,Beijing Biotech,INDUSTRY,China,False,True,False,False,False,False,,True,2026,2026
NCT07480954,"Dual-Targeting CAR-NK Cells for Recurrent Ovarian Cancer (MSLN, FRα, MUC16)",RECRUITING,PHASE1 | PHASE2,2026-02-04,ACTUAL,2026-03-18,36,Epithelial Ovarian Cancer | Primary Peritoneal Carcinoma | Fallopian Tube Carcinoma | Recurrent or Refractory Disease After Standard Therapies,Dual-target CAR-NK cell product | Lymphodepleting chemotherapy | Standard supportive care,Beijing Biotech,INDUSTRY,China,False,True,False,False,False,False,,True,2026,2026
NCT07486089,Dual-Target CAR-NK Cells for Advanced Breast Cancer (HER2+ and TNBC),RECRUITING,PHASE1 | PHASE2,2026-02-02,ACTUAL,2026-03-20,60,Breast Cancer (Locally Advanced or Metastatic) | HER2-positive Breast Cancer | Triple-Negative Breast Cancer (TNBC),Dual-target CAR-NK cells (EB-DT-CAR-NK) | Lymphodepleting chemotherapy | Supportive care,Beijing Biotech,INDUSTRY,China,False,True,False,False,False,False,,True,2026,2026
NCT07490041,Exploratory Clinical Study on the Safety and Efficacy of Anti- CD19/BCMA CAR-NK Cell Injection for the Treatment of Refractory Pediatric Rheumatic Diseases,RECRUITING,EARLY_PHASE1,2026-03-19,ESTIMATED,2026-03-24,36,"Rheumatic Diseases | Pediatric Rheumatological Condition (i.e., Arthritis, SLE, Kawasaki's Disaese) | Systemic Lupus Erythematosus (SLE) | Connective Tissue Disease-associated Interstitial Lung Disease",KN5601,The Children's Hospital of Zhejiang University School of Medicine,OTHER,China,False,True,False,False,False,False,,True,2026,2026
NCT07492628,Dual-Target Nectin-4/HER2 CAR-NK Cells in Advanced Urothelial Carcinoma,RECRUITING,PHASE1,2026-03-02,ACTUAL,2026-03-25,42,Bladder Cancer | Urothelial Carcinoma | Metastatic Urothelial Carcinoma | Locally Advanced Urothelial Carcinoma | Upper Tract Urothelial Carcinoma,EB-DT-NK-UC101 | Cyclophosphamide | Fludarabine,Beijing Biotech,INDUSTRY,China,False,True,False,False,False,False,,True,2026,2026
NCT07493174,Phase I Clinical Study to Evaluate SYS6055 Injection in Participants With Relapsed/Refractory B-Cell Malignancies,NOT_YET_RECRUITING,PHASE1,2026-04-15,ESTIMATED,2026-03-25,86,Relapsed/Refractory B-Cell Malignancies,SYS6055,"Institute of Hematology & Blood Diseases Hospital, China",OTHER,,False,False,False,False,False,False,,False,2026,2026
NCT07493395,Phase IIa Trial of Anti-CD19 CAR T-Cells in Systemic Sclerosis Resistant to Immunosuppressive Therapy,ACTIVE_NOT_RECRUITING,PHASE2,2026-06-11,ACTUAL,2026-03-25,6,"Scleroderma, Systemic",CD19 CAR T Arm,"University Hospital, Montpellier",OTHER,France,False,False,False,False,True,True,,False,2026,2026
NCT07500220,Dual-Target GPC3/B7-H3 CAR-NK Cells for Advanced HCC,RECRUITING,PHASE1 | PHASE2,2026-03-02,ACTUAL,2026-03-30,30,Advanced Hepatocellular Carcinoma (HCC) | Metastatic Liver Cancer,EB-G3B7-NK dual-target CAR-NK cells | Fludarabine | Cyclophosphamide,Beijing Biotech,INDUSTRY,China,False,True,False,False,False,False,,True,2026,2026
NCT07502287,Dual-Target GD2/B7-H3 CAR-NK Cells for Pediatric Relapsed or Refractory Neuroblastoma,RECRUITING,PHASE1 | PHASE2,2026-03-02,ACTUAL,2026-03-30,36,Relapsed Neuroblastoma | Refractory Neuroblastoma | High-Risk Neuroblastoma | Ganglioneuroblastoma,EB-DTNB-NK | Fludarabine | Cyclophosphamide,Beijing Biotech,INDUSTRY,China,False,True,False,False,False,False,,True,2026,2026
NCT07504289,CAR-NK Therapy for Cardiac Amyloidosis,NOT_YET_RECRUITING,PHASE1 | PHASE2,2026-03-07,ESTIMATED,2026-03-31,36,Light Chain Cardiac Amyloidosis,CAR-NK,"Second Affiliated Hospital, Zhejiang University, School of Medicine",OTHER,,False,True,False,False,False,False,,True,2026,2026
NCT07509008,Phase 1/2 Window Of Opportunity Study Of TROP2 CAR/IL-15 TGFBR2 KO NK Cells Delivered Intraperitoneally For The Management Of Gastric Cancer Metastatic To The Peritoneum,NOT_YET_RECRUITING,PHASE1 | PHASE2,2026-09-01,ESTIMATED,2026-04-03,10,"Gastric Cancer, Metastatic",TGFBR2 KO CAR27/IL-15 NK cells | Rimiducid (AP1903) | Fludarabine | Cyclophosphamide,M.D. Anderson Cancer Center,OTHER,United States,False,True,False,False,False,False,,True,2026,2026
NCT07510802,Dual-Target CAR-NK Cells for Advanced Breast Cancer HER2+ TNBC,RECRUITING,PHASE1 | PHASE2,2026-02-02,ACTUAL,2026-04-06,60,Breast Cancer (Advanced/Metastatic) | HER2-positive Breast Cancer | Triple-negative Breast Cancer,Dual-target CAR-NK cells | Lymphodepleting | Supportive care,Beijing Biotech,INDUSTRY,China,False,True,False,False,False,False,,True,2026,2026
NCT07510815,Dual-Target MSLN/FAP CAR-NK Cells for Pleural and Peritoneal Mesothelioma,RECRUITING,PHASE1 | PHASE2,2026-03-02,ACTUAL,2026-04-06,36,Malignant Pleural Mesotheliomas,EB-MF-CAR-NK-01 | Fludarabine | Cyclophosphamide,Beijing Biotech,INDUSTRY,China,False,True,False,False,False,False,,True,2026,2026
NCT07510828,PRISM-NK: Precision-Matched Allogeneic Single- or Dual-Target CAR-NK Cells for Advanced Solid Tumors,RECRUITING,PHASE1 | PHASE2,2026-03-02,ACTUAL,2026-04-06,60,Advanced or Metastatic Solid Tumors,EB-PT-CAR-NK-S | EB-PT-CAR-NK-D | Lymphodepleting chemotherapy | Cytokine support,Beijing Biotech,INDUSTRY,China,False,True,False,False,False,False,,True,2026,2026
NCT07551336,Dual-Targeting CAR-NK Cells for Recurrent/Progressive Glioblastoma and High-Grade Glioma,RECRUITING,PHASE1,2026-03-02,ACTUAL,2026-04-24,36,Malignant Glioma | High-Grade Gliomas | Glioblastoma | Recurrent High-Grade Gliomas | Recurrent Glioblastoma,Dual-target CAR-NK cells | Cyclophosphamide | Intracranial catheter/reservoir for locoregional delivery | Fludarabine,Beijing Biotech,INDUSTRY,China,False,True,False,False,False,False,,True,2026,2026
NCT07551349,Dual-target CD70/CAIX CAR-NK Cells for Advanced Clear Cell Renal Cell Carcinoma,RECRUITING,PHASE1 | PHASE2,2026-02-02,ACTUAL,2026-04-24,36,Advanced or Metastatic Clear Cell Renal Cell Carcinoma,EB-701/CA9-NK | Fludarabine,Beijing Biotech,INDUSTRY,China,False,True,False,False,False,False,,True,2026,2026
NCT07551362,Dual-target CLDN18.2/HER2 CAR-NK Cells for Advanced Gastric/GEJ Cancer,RECRUITING,PHASE1 | PHASE2,2026-03-02,ACTUAL,2026-04-24,36,Advanced Gastric Adenocarcinoma | Advanced Gastroesophageal Junction Adenocarcinoma,EB-DT-CAR-NK | Fludarabine | Cyclophosphamide,Beijing Biotech,INDUSTRY,China,False,True,False,False,False,False,,True,2026,2026
NCT07553390,Phase 1b Study Of TRICK-NK In Combination With T-Dxd In Treatment-Refractory Breast Cancers,NOT_YET_RECRUITING,PHASE1,2026-10-01,ESTIMATED,2026-04-28,60,Breast Cancer,TGFBR2 KO iC9/TROP2.CAR/IL-15 NK cells | Trastuzumab deruxtecan (T-DXd) | Rimiducid,M.D. Anderson Cancer Center,OTHER,United States,False,True,False,False,False,False,,True,2026,2026
NCT07560865,First-in Cancer-Type Phase I Study of FT536 for Recurrent WHO Grade 4 Astrocytoma,RECRUITING,PHASE1,2026-04-23,ACTUAL,2026-05-01,9,Astrocytoma | Glioblastoma | Progressive Disease,FT536 | Biopsy/ Intratumoral Injection/ Gross Tumor Resection | Blood/ Cerebrospinal Fluid/ Tumor Pathology,"Masonic Cancer Center, University of Minnesota",OTHER,United States,False,False,False,False,False,False,"FT536, MICA/B CAR iPSC-NK",True,2026,2026
NCT07577986,A Safety and Efficacy Trial of Chidamide Combined With NKG2D CAR-NK Cell Therapy for Reducing the HIV Viral Reservoir,NOT_YET_RECRUITING,PHASE1 | PHASE2,2026-05-01,ESTIMATED,2026-05-11,20,HIV (Human Immunodeficiency Virus),Chidamide Combined with NKG2D CAR-NK Cell Therapy,First Affiliated Hospital of Zhejiang University,OTHER,China,False,True,False,False,False,False,,True,2026,2026
NCT07579208,"A Phase1 Clinical Trial Evaluating Locoregional Delivery Of Engineered NK Cells Containing IL13Ra And EGFvIII Chimeric Antigen Receptor (CAR), IL-21 Secretion And Deleted TGF-BetaR2 And NR3C1 In Recurrent Glioblastoma",RECRUITING,PHASE1,2026-08-21,ACTUAL,2026-05-12,36,Phase 1 | NK Cell | IL13Ra | EGFRvIII | Chimera Antigen Receptor (CAR) | NR3C1 | Recurrent Glioblastoma,NK Cells | NK Cells,M.D. Anderson Cancer Center,OTHER,United States,False,True,False,False,False,False,,True,2026,2026
NCT07589517,Dual-Targeting CAR-NK Cells in Biomarker-Selected Advanced Colorectal Cancer,RECRUITING,PHASE1 | PHASE2,2026-02-02,ACTUAL,2026-05-15,48,Colorectal Cancer | Metastatic Colorectal Adenocarcinoma | Unresectable Colorectal Cancer,EB-DUO-CAR-NK-CEA/GCC | Lymphodepletion,Beijing Biotech,INDUSTRY,China,False,True,False,False,False,False,,True,2026,2026
NCT07589530,Phase 1/2 Study of EB-NK-301 (Allogeneic TROP2-CAR NK Cells) in Advanced TROP2-Expressing Solid Tumors,RECRUITING,PHASE1 | PHASE2,2026-03-02,ACTUAL,2026-05-15,60,Advanced Solid Tumors | Metastatic Solid Tumors | TROP2-Expressing Solid Tumors,EB-NK-301 | Fludarabine,Beijing Biotech,INDUSTRY,China,False,True,False,False,False,False,,True,2026,2026
NCT07589543,Dual-Target CAR-NK Cells in Recurrent or Refractory Epithelial Ovarian Cancer,RECRUITING,PHASE1 | PHASE2,2026-03-02,ACTUAL,2026-05-15,42,"Epithelial Ovarian Cancer | Epithelial Ovarian Cancer, Fallopian Tube or Peritoneum",EB-DUALNK | Cyclophosphamide | Fludarabine,Beijing Biotech,INDUSTRY,China,False,True,False,False,False,False,,True,2026,2026
NCT07598955,"Target-Selected CAR-NK Cells (CD30, CD5, or Mesothelin) for Relapsed/Refractory B2 Thymoma or Thymic Carcinoma",RECRUITING,PHASE1 | PHASE2,2026-03-02,ACTUAL,2026-05-20,36,B2 Thymoma | Thymic Carcinoma,Cyclophosphamide | Fludarabine | EB-CAR30-NK | EB-CAR5-NK | EB-CARMSLN-NK | Rimiducid (AP1903),Beijing Biotech,INDUSTRY,China,False,True,False,False,False,False,,True,2026,2026
NCT07617753,"Dual-Targeting CAR-NK Cells for Recurrent Ovarian Cancer (MSLN, FRα, MUC16) pt2",RECRUITING,PHASE1 | PHASE2,2026-03-02,ACTUAL,2026-06-01,36,Epithelial Ovarian Cancer | Primary Peritoneal Carcinoma | Fallopian Tube Carcinoma | Recurrent or Refractory Disease After Standard Therapies,Dual-target CAR-NK cell product | Cyclophosphamide | supportive,Beijing Biotech,INDUSTRY,China,False,True,False,False,False,False,,True,2026,2026
NCT07617805,EGFR/HER2 Dual-Target CAR-NK Cells for Recurrent or Metastatic HNSCC,RECRUITING,PHASE1 | PHASE2,2026-03-02,ACTUAL,2026-06-01,42,Recurrent or Metastatic Head and Neck Squamous Cell Carcinoma | Biomarker-positive EGFR/HER2- Expressing HNSCC,EGFR/HER2 Dual-Target CAR-NK Cells | Fludarabine | Cyclophosphamide,Beijing Biotech,INDUSTRY,China,False,True,False,False,False,False,,True,2026,2026
NCT07622940,Dual-Target CLDN18.2/HER2 CAR-NK Cells for Advanced Esophageal Adenocarcinoma,RECRUITING,PHASE1 | PHASE2,2026-03-02,ACTUAL,2026-06-03,36,Recurrent or Metastatic Esophageal Adenocarcinoma | Biomarker-selected CLDN18.2-positive and/or HER2-positive Disease,EBNK-1822H2 dual-target CLDN18.2/HER2 CAR-NK cells | Fludarabine | Cyclophosphamide,Beijing Biotech,INDUSTRY,China,False,True,False,False,False,False,,True,2026,2026
NCT07627698,Dual-Target CSPG4/GD2 CAR-NK Cells for Advanced Melanoma,RECRUITING,PHASE1 | PHASE2,2026-03-02,ACTUAL,2026-06-04,36,Unresectable Melanoma | Metastatic Cutaneous Melanoma | Metastatic Uveal Melanoma,EB-DTKN-401 allogeneic dual-target CSPG4/GD2 CAR-NK cells | Fludarabine | Cyclophosphamide,Beijing Biotech,INDUSTRY,China,False,True,False,False,False,False,,True,2026,2026
NCT07627711,Dual-Target CAR-NK Cells Targeting Mesothelin (MSLN) and MUC1 in Advanced Pancreatic Ductal Adenocarcinoma,RECRUITING,PHASE1 | PHASE2,2026-03-02,ACTUAL,2026-06-04,42,Pancreatic Ductal Adenocarcinoma (PDAC) | Unresectable Locally Advanced | Metastatic Disease,EB-DNK101 dual-targeting CAR-NK cells (MSLN + MUC1) | EB-DNK102 dual-targeting CAR-NK cells (CLDN18.2 + MUC1) | Lymphodepleting chemotherapy (Flu/Cy),Beijing Biotech,INDUSTRY,China,False,True,False,False,False,False,,True,2026,2026
NCT07631013,Phase 1 Study Of TROP2 CAR/IL-15 TGFBR2 KO NK Cell In Patients With Oral Premalignant Lesions,NOT_YET_RECRUITING,PHASE1,2026-12-31,ESTIMATED,2026-06-05,36,Squamous Cell Carcinoma,TROP2 CAR/IL-15 TGFBR2 KO NK cells,M.D. Anderson Cancer Center,OTHER,United States,False,True,False,False,False,False,,True,2026,2026
NCT07641023,"Dual-Target CAR-NK Cells Targeting MSLN, EGFR, or HER2 in Advanced NSCLC",RECRUITING,PHASE1 | PHASE2,2026-03-02,ACTUAL,2026-06-11,60,Non-Small Cell Lung Cancer | Advanced/Metastatic,Dual-target CAR-NK cells | Lymphodepleting chemotherapy | Supportive care,Beijing Biotech,INDUSTRY,China,False,True,False,False,False,False,,True,2026,2026
NCT07641036,Dual-Target HER2/CEA CAR-NK Cells in Advanced Biliary Tract Cancer,RECRUITING,PHASE1 | PHASE2,2026-03-02,ACTUAL,2026-06-11,30,Cholangiocarcinoma | Intrahepatic Cholangiocarcinoma | Extrahepatic Cholangiocarcinoma | Gallbladder Carcinoma | Biliary Tract Cancer,EB-HC01 dual-target CARNK cells | Fludarabine | Cyclophosphamide,Beijing Biotech,INDUSTRY,China,False,True,False,False,False,False,,True,2026,2026
NCT07641049,Dual-target PSMA/PSCA CAR-NK Cells in Advanced Prostate Cancer,RECRUITING,PHASE1,2026-03-02,ACTUAL,2026-06-11,36,Metastatic Castration-resistant Prostate Cancer | Advanced Prostate Adenocarcinoma | PSCA-positive Prostate Cancer | PSMA-Positive Progressive Metastatic Castration-Resistant Prostate Cancer,ETB-DualNK-01 | Fludarabine | Cyclophosphamide,Beijing Biotech,INDUSTRY,China,False,True,False,False,False,False,,True,2026,2026
NCT07659704,CD19-Directed CAR-T Cell Therapy in Refractory Systemic Lupus Erythematosus,NOT_YET_RECRUITING,PHASE1 | PHASE2,2026-10-01,ESTIMATED,2026-06-22,16,"Lupus Erythematosus, Systemic",Autologous CD19-Directed CAR-T Cells Manufactured at Ribeirão Preto Blood Center,University of Sao Paulo,OTHER,Brazil,False,False,False,False,True,True,,False,2026,2026
NCT07668557,Anti-CD33-CLL1 CAR-T Cells (ICG415) for the Treatment of Relapsed/Refractory Acute Myeloid Leukemia,RECRUITING,PHASE1,2026-06-10,ACTUAL,2026-06-25,18,Acute Myeloid Leukemia (AML),Anti-CD33-CLL1 CAR-T cells (ICG415) following lymphodepleting fludarabine and cyclophosphamide,iCell Gene Therapeutics,INDUSTRY,China,False,False,False,False,True,True,,False,2026,2026
NCT07681388,CD19 CAR-T Therapy for Refractory Pemphigus Vulgaris,RECRUITING,,2026-01-15,ACTUAL,2026-07-02,3,Pemphigus Vulgaris,Autologous CD19 CAR-T cells,Jinbo Chen,OTHER,China,False,False,False,False,True,True,,False,2026,2026
NCT07715136,BCMA-CD19 cCAR-T for the Treatment of Refractory Inflammatory Myopathy,RECRUITING,PHASE1,2025-03-20,ACTUAL,2026-07-20,10,Inflammatory Myopathy,"ICG318, BCMA-CD19-IL-15/IL-15 sushi Compound CAR-T",iCell Gene Therapeutics,INDUSTRY,China,False,False,False,False,True,True,,False,2025,2026
NCT07726160,A Study of KIV-318 Injection in Patients With BCMA-Positive Relapsed/Refractory Multiple Myeloma,NOT_YET_RECRUITING,PHASE1,2026-07-20,ESTIMATED,2026-07-24,30,Relapse and/or Refractory Multiple Myeloma,KIV-318,"Institute of Hematology & Blood Diseases Hospital, China",OTHER,China,False,False,False,False,True,True,,False,2026,2026
NCT07744256,Adaptive Phase 1/2 Study of Dual-Target CAR-NK Cells in Relapsed/Refractory Small Cell Lung Cancer (SCLC),RECRUITING,PHASE1 | PHASE2,2026-03-02,ACTUAL,2026-08-04,60,Small Cell Lung Cancer (SCLC) | Relapsed/Refractory SCLC | Extensive-stage SCLC,EB-DART-NK01 | Lymphodepleting chemotherapy,Beijing Biotech,INDUSTRY,China,False,True,False,False,False,False,,True,2026,2026
NCT07799116,Study to Evaluate the Safety and Preliminary Efficacy of CD19 CAR-T Cell Therapy (TranspoCART19) in Patients With Refractory Lupus Nephritis,NOT_YET_RECRUITING,PHASE1 | PHASE2,2026-09,ESTIMATED,2026-09-02,10,Lupus Nephritis | Lupus Nephritis (LN),TranspoCART19,Instituto de Investigación Sanitaria de la Fundación Jiménez Díaz,OTHER,Spain,False,False,False,False,True,True,,False,2026,2026
